Rankings,Player,Age,Team,Pos,G,GS,MP,FG,FGA,FG%,3P,3PA,3P%,2P,2PA,2P%,eFG%,FT,FTA,FT%,ORB,DRB,TRB,AST,STL,BLK,TOV,PF,PTS,Awards,Player-additional
3,Dwyane Wade,27,MIA,SG,79,79,38.6,10.8,22,0.491,1.1,3.5,0.317,9.7,18.5,0.524,0.516,7.5,9.8,0.765,1.1,3.9,5,7.5,2.2,1.3,3.4,2.3,30.2,MVP-3DPOY-3ASNBA1,wadedw01
5,LeBron James,24,CLE,SF,81,81,37.7,9.7,19.9,0.489,1.6,4.7,0.344,8.1,15.2,0.535,0.53,7.3,9.4,0.78,1.3,6.3,7.6,7.2,1.7,1.1,3,1.7,28.4,MVP-1DPOY-2ASNBA1,jamesle01
4,Kobe Bryant,30,LAL,SG,82,82,36.1,9.8,20.9,0.467,1.4,4.1,0.351,8.3,16.8,0.496,0.502,5.9,6.9,0.856,1.1,4.1,5.2,4.9,1.5,0.5,2.6,2.3,26.8,MVP-2DPOY-7ASNBA1,bryanko01
0,Dirk Nowitzki,30,DAL,PF,81,81,37.7,9.6,20,0.479,0.8,2.1,0.359,8.8,17.9,0.493,0.498,6,6.7,0.89,1.1,7.3,8.4,2.4,0.8,0.8,1.9,2.2,25.9,MVP-10ASNBA1,nowitdi01
0,Danny Granger,25,IND,SF,67,66,36.2,8.5,19.1,0.447,2.7,6.7,0.404,5.8,12.3,0.47,0.518,6,6.9,0.878,0.7,4.4,5.1,2.7,1,1.4,2.5,3.1,25.8,MIP-1AS,grangda01
0,Kevin Durant,20,OKC,SF,74,74,39,8.9,18.8,0.476,1.3,3.1,0.422,7.6,15.7,0.486,0.51,6.1,7.1,0.863,1,5.5,6.5,2.8,1.3,0.7,3,1.8,25.3,,duranke01
0,Kevin Martin,25,SAC,SG,51,46,38.2,6.7,15.9,0.42,2.3,5.4,0.415,4.4,10.5,0.423,0.491,9,10.3,0.867,0.6,3,3.6,2.7,1.2,0.2,2.9,2.3,24.6,,martike02
0,Al Jefferson,24,MIN,C,50,50,36.7,9.7,19.5,0.497,0,0.1,0,9.7,19.4,0.499,0.497,3.7,5,0.738,3.4,7.5,11,1.6,0.8,1.7,1.8,2.8,23.1,,jeffeal01
0,Carmelo Anthony,24,DEN,SF,66,66,34.5,8.1,18.3,0.443,1,2.6,0.371,7.2,15.7,0.455,0.469,5.6,7.1,0.793,1.6,5.2,6.8,3.4,1.1,0.4,3,3,22.8,NBA3,anthoca01
1,Chris Paul,23,NOH,PG,78,78,38.5,8.1,16.1,0.503,0.8,2.3,0.364,7.3,13.8,0.525,0.528,5.8,6.7,0.868,0.9,4.7,5.5,11,2.8,0.1,3,2.7,22.8,MVP-5DPOY-6ASNBA2,paulch01
0,Chris Bosh,24,TOR,C,77,77,38,8,16.4,0.487,0.2,0.6,0.245,7.8,15.8,0.497,0.492,6.5,8,0.817,2.8,7.2,10,2.5,0.9,1,2.3,2.5,22.7,AS,boshch01
0,Brandon Roy,24,POR,SG,78,78,37.2,8.1,16.9,0.48,1.1,2.8,0.377,7.1,14.1,0.501,0.512,5.3,6.5,0.824,1.3,3.4,4.7,5.1,1.1,0.3,1.9,1.6,22.6,MVP-9ASNBA2,roybr01
0,Antawn Jamison,32,WAS,PF,81,81,38.2,8.3,17.8,0.468,1.4,3.9,0.351,6.9,13.9,0.501,0.507,4.2,5.6,0.754,2.4,6.5,8.9,1.9,1.2,0.3,1.5,2.7,22.2,,jamisan01
0,Tony Parker,26,SAS,PG,72,71,34.1,8.9,17.5,0.506,0.3,0.9,0.292,8.6,16.6,0.518,0.513,3.9,5,0.782,0.4,2.7,3.1,6.9,0.9,0.1,2.6,1.5,22,MVP-8ASNBA3,parketo01
0,Joe Johnson,27,ATL,SG,79,79,39.5,7.8,18,0.437,1.9,5.2,0.36,6,12.7,0.468,0.489,3.8,4.6,0.826,0.8,3.6,4.4,5.8,1.1,0.2,2.5,2.2,21.4,AS,johnsjo02
0,Amar'e Stoudemire,26,PHO,PF,53,53,36.8,7.6,14.1,0.539,0.1,0.1,0.429,7.6,14,0.54,0.541,6.1,7.3,0.835,2.2,5.9,8.1,2,0.9,1.1,2.8,3.1,21.4,AS,stoudam01
0,Devin Harris,25,NJN,PG,69,69,36.1,6.6,15.1,0.438,0.9,3.2,0.291,5.7,11.9,0.477,0.469,7.2,8.8,0.82,0.4,2.9,3.3,6.9,1.7,0.2,3.1,2.4,21.3,AS,harride01
0,Michael Redd,29,MIL,SG,33,32,36.5,7.5,16.6,0.455,2.1,5.8,0.366,5.4,10.8,0.503,0.519,4,4.9,0.814,0.7,2.5,3.2,2.7,1.1,0.1,1.6,1.4,21.2,,reddmi01
0,David West,28,NOH,PF,76,76,39.2,8,17,0.472,0.1,0.3,0.24,7.9,16.7,0.477,0.474,4.8,5.5,0.884,2.1,6.4,8.5,2.3,0.6,0.9,2.1,2.7,21,AS,westda01
0,Zach Randolph,27,2TM,PF,50,45,35.1,8.3,17.5,0.475,0.6,1.9,0.33,7.7,15.5,0.494,0.494,3.6,4.9,0.734,3.1,6.9,10.1,2.1,0.9,0.3,2.3,2.7,20.8,,randoza01
0,Caron Butler,28,WAS,SG,67,67,38.6,7.3,16.2,0.453,1,3.1,0.31,6.4,13.1,0.487,0.482,5.1,6,0.858,1.8,4.4,6.2,4.3,1.6,0.3,3.1,2.5,20.8,,butleca01
0,Vince Carter,32,NJN,SG,80,80,36.8,7.4,16.8,0.437,1.9,4.9,0.385,5.5,11.9,0.459,0.493,4.2,5.1,0.817,0.9,4.2,5.1,4.7,1,0.5,2.1,2.9,20.8,,cartevi01
0,Ben Gordon,25,CHI,SG,82,76,36.6,7.3,16,0.455,2.1,5.1,0.41,5.2,10.9,0.476,0.521,4,4.7,0.864,0.6,2.8,3.5,3.4,0.9,0.3,2.4,2.2,20.7,,gordobe01
0,Stephen Jackson,30,GSW,SF,59,59,39.6,7,16.9,0.414,1.7,5.2,0.338,5.3,11.7,0.448,0.466,5,6,0.826,1.2,3.9,5.1,6.5,1.5,0.5,3.9,2.6,20.7,,jacksst02
2,Dwight Howard,23,ORL,C,79,79,35.7,7.1,12.4,0.572,0,0,0,7.1,12.4,0.573,0.572,6.4,10.7,0.594,4.3,9.6,13.8,1.4,1,2.9,3,3.4,20.6,MVP-4DPOY-1ASNBA1,howardw01
0,Paul Pierce,31,BOS,SF,81,81,37.5,6.7,14.6,0.457,1.5,3.8,0.391,5.2,10.8,0.48,0.508,5.7,6.8,0.83,0.7,5,5.6,3.6,1,0.3,2.8,2.7,20.5,MVP-7ASNBA2,piercpa01
0,Al Harrington,28,2TM,PF,73,56,34.9,7.3,16.6,0.439,2.3,6.4,0.364,4.9,10.2,0.487,0.509,3.2,4,0.793,1.4,4.9,6.2,1.4,1.2,0.3,2.2,3.1,20.1,,harrial01
0,Jamal Crawford,28,2TM,PG,65,65,38.1,6.4,15.7,0.41,2.2,6.1,0.36,4.3,9.7,0.441,0.479,4.6,5.3,0.872,0.4,2.6,3,4.4,0.9,0.2,2.3,1.4,19.7,,crawfja01
0,Yao Ming,28,HOU,C,77,77,33.6,7.4,13.4,0.548,0,0,1,7.3,13.4,0.548,0.549,4.9,5.7,0.866,2.6,7.2,9.9,1.8,0.4,1.9,3,3.3,19.7,MVP-12ASNBA2,mingya01
0,Richard Jefferson,28,MIL,SF,82,82,35.8,6.5,14.9,0.439,1.4,3.6,0.397,5.1,11.3,0.453,0.487,5.1,6.3,0.805,0.7,3.9,4.6,2.4,0.8,0.2,2,3.1,19.6,,jefferi01
0,Jason Terry,31,DAL,SG,74,11,33.7,7.3,15.8,0.463,2.3,6.2,0.366,5.1,9.6,0.525,0.535,2.7,3,0.88,0.5,1.9,2.4,3.4,1.3,0.3,1.6,1.9,19.6,6MOY-1,terryja01
0,Deron Williams,24,UTA,PG,68,68,36.8,6.8,14.5,0.471,1,3.3,0.31,5.8,11.1,0.518,0.506,4.8,5.6,0.849,0.4,2.5,2.9,10.7,1.1,0.3,3.4,2,19.4,,willide01
0,Tim Duncan,32,SAS,C,75,75,33.7,7.4,14.8,0.504,0,0,0,7.4,14.7,0.505,0.504,4.5,6.4,0.692,2.7,8,10.7,3.5,0.5,1.7,2.2,2.3,19.3,MVP-11DPOY-11ASNBA2,duncati01
0,Monta Ellis,23,GSW,SG,25,25,35.7,7.8,17.2,0.451,0.3,1,0.308,7.4,16.2,0.46,0.46,3.1,3.8,0.83,0.6,3.8,4.3,3.7,1.6,0.3,2.7,2.7,19,,ellismo01
0,Pau Gasol,28,LAL,C,81,81,37,7.3,12.9,0.567,0,0,0.5,7.3,12.9,0.567,0.567,4.2,5.4,0.781,3.2,6.4,9.6,3.5,0.6,1,1.9,2.1,18.9,ASNBA3,gasolpa01
0,Rudy Gay,22,MEM,SF,79,78,37.3,7.2,16,0.453,1.1,3.1,0.351,6.2,12.9,0.477,0.487,3.3,4.4,0.767,1.4,4.2,5.5,1.7,1.2,0.7,2.6,2.8,18.9,,gayru01
0,Andre Iguodala,25,PHI,SF,82,82,39.9,6.6,14,0.473,1,3.2,0.307,5.6,10.8,0.521,0.507,4.6,6.4,0.724,1.1,4.6,5.7,5.3,1.6,0.4,2.7,1.9,18.8,DPOY-13,iguodan01
0,Corey Maggette,29,GSW,PF,51,19,31.1,5.7,12.4,0.461,0.5,1.9,0.253,5.3,10.6,0.497,0.479,6.7,8.1,0.824,1,4.6,5.5,1.8,0.9,0.2,2.4,3.8,18.6,6MOY-10,maggeco01
0,O.J. Mayo,21,MEM,SG,82,82,38,6.9,15.6,0.438,1.8,4.6,0.384,5.1,11,0.461,0.495,3,3.4,0.879,0.7,3.1,3.8,3.2,1.1,0.2,2.8,2.5,18.5,ROY-2,mayooj01
0,Richard Hamilton,30,DET,SG,67,51,34,7,15.6,0.447,1,2.8,0.368,5.9,12.7,0.464,0.48,3.3,3.9,0.848,0.7,2.4,3.1,4.4,0.6,0.1,2,2.6,18.3,,hamilri01
0,John Salmons,29,2TM,SF,79,74,37.5,6.5,13.8,0.472,1.6,3.8,0.417,4.9,10,0.493,0.53,3.6,4.4,0.83,0.7,3.5,4.2,3.2,1.1,0.3,2.1,2.3,18.3,,salmojo01
0,Ray Allen,33,BOS,SG,79,79,36.4,6.3,13.2,0.48,2.5,6.2,0.409,3.8,7,0.542,0.575,3,3.2,0.952,0.8,2.7,3.5,2.8,0.9,0.2,1.7,2,18.2,AS,allenra02
0,LaMarcus Aldridge,23,POR,PF,81,81,37.1,7.4,15.3,0.484,0.1,0.3,0.25,7.3,15,0.489,0.486,3.2,4.1,0.781,2.9,4.6,7.5,1.9,1,1,1.5,2.6,18.1,,aldrila01
0,Josh Howard,28,DAL,SF,52,51,32,6.8,15.1,0.451,1.1,3.2,0.345,5.7,11.8,0.48,0.488,3.3,4.2,0.782,1.1,3.9,5.1,1.6,1.1,0.6,1.7,2.6,18,,howarjo01
0,Shaquille O'Neal,36,PHO,C,75,75,30,6.8,11.2,0.609,0,0,0,6.8,11.2,0.61,0.609,4.1,6.9,0.595,2.5,5.9,8.4,1.7,0.7,1.4,2.2,3.4,17.8,ASNBA3,onealsh01
0,Mo Williams,26,CLE,PG,81,81,35,6.5,13.9,0.467,2.3,5.2,0.436,4.2,8.7,0.486,0.548,2.6,2.8,0.912,0.6,2.9,3.4,4.1,0.9,0.1,2.2,2.7,17.8,AS,willima01
0,Chauncey Billups,32,2TM,PG,79,79,35.3,5.2,12.4,0.418,2.1,5,0.408,3.1,7.4,0.425,0.501,5.3,5.8,0.913,0.4,2.6,3,6.4,1.2,0.2,2.2,2,17.7,MVP-6ASNBA3,billuch01
0,Rashard Lewis,29,ORL,PF,79,79,36.2,6.1,13.8,0.439,2.8,7,0.397,3.3,6.8,0.482,0.54,2.8,3.4,0.836,1.2,4.6,5.7,2.6,1,0.6,2,2.5,17.7,AS,lewisra02
0,Allen Iverson,33,2TM,SG,57,53,36.7,6.1,14.6,0.417,0.5,1.7,0.283,5.6,12.9,0.435,0.434,4.8,6.1,0.781,0.5,2.5,3,5,1.5,0.1,2.6,1.5,17.5,AS,iversal01
0,Nate Robinson,24,NYK,PG,74,11,29.9,6.1,13.9,0.437,1.7,5.2,0.325,4.4,8.7,0.504,0.498,3.4,4,0.841,1.3,2.6,3.9,4.1,1.3,0.1,1.9,2.8,17.2,6MOY-3,robinna01
0,Metta World Peace,29,HOU,SF,69,55,35.5,6,15,0.401,2.2,5.6,0.399,3.8,9.5,0.402,0.475,2.8,3.8,0.748,0.9,4.3,5.2,3.3,1.5,0.3,2,2.2,17.1,DPOY-5,artesro01
0,Mehmet Okur,29,UTA,C,72,72,33.5,6,12.3,0.485,1.3,2.8,0.446,4.7,9.5,0.497,0.536,3.8,4.6,0.817,1.7,6,7.7,1.7,0.8,0.7,1.8,3,17,,okurme01
0,Jason Richardson,28,2TM,SG,72,71,33.5,6.5,13.5,0.477,1.8,4.5,0.397,4.7,9,0.518,0.544,2.1,2.8,0.769,1.1,3.4,4.4,2,1.1,0.4,1.3,2,16.8,,richaja01
0,Derrick Rose,20,CHI,PG,81,80,37,7.1,14.9,0.475,0.2,0.9,0.222,6.9,14,0.491,0.482,2.4,3.1,0.788,1.2,2.7,3.9,6.3,0.8,0.2,2.5,1.5,16.8,ROY-1,rosede01
0,Al Thornton,25,LAC,SF,71,67,37.4,6.6,14.8,0.446,0.3,1.1,0.253,6.3,13.7,0.462,0.456,3.3,4.4,0.754,1.7,3.5,5.2,1.5,0.8,0.9,1.8,3.2,16.8,,thornal01
0,Hedo Türkoğlu,29,ORL,SF,77,77,36.6,5.5,13.3,0.413,1.7,4.9,0.356,3.8,8.4,0.445,0.478,4.1,5.1,0.807,0.6,4.7,5.3,4.9,0.8,0.2,2.6,2.8,16.8,DPOY-16,turkohe01
0,Jameer Nelson,26,ORL,PG,42,42,31.2,6.4,12.6,0.503,2,4.3,0.453,4.4,8.3,0.529,0.58,2,2.3,0.887,0.5,3,3.5,5.4,1.2,0.1,2,2.9,16.7,AS,nelsoja01
0,Gerald Wallace,26,CHA,SF,71,71,37.6,5.5,11.4,0.48,0.5,1.8,0.298,4.9,9.6,0.515,0.504,5.1,6.4,0.804,1.6,6.2,7.8,2.7,1.7,0.9,2.1,3,16.6,,wallage01
0,Jeff Green,22,OKC,PF,78,78,36.8,6.1,13.7,0.446,1.2,3.2,0.389,4.9,10.5,0.463,0.491,3.1,3.9,0.788,1.5,5.1,6.7,2,1,0.4,2.2,2.6,16.5,,greenje02
0,Randy Foye,25,MIN,SG,70,61,35.6,5.7,14,0.407,1.6,4.4,0.36,4.1,9.6,0.428,0.463,3.3,3.9,0.846,0.5,2.6,3.1,4.3,1,0.4,2.1,2.9,16.3,,foyera01
0,Andre Miller,32,PHI,PG,82,82,36.3,6,12.7,0.473,0.2,0.6,0.283,5.8,12,0.483,0.48,4.1,5,0.826,1.5,3,4.5,6.5,1.3,0.2,2.4,2.4,16.3,,millean02
0,Carlos Boozer,27,UTA,PF,37,37,32.4,6.8,13.8,0.49,0,0,,6.8,13.8,0.49,0.49,2.6,3.8,0.698,3,7.4,10.4,2.1,1.1,0.2,2.1,3.6,16.2,,boozeca01
0,Charlie Villanueva,24,MIL,PF,78,47,26.9,6.2,14,0.447,1.1,3.3,0.345,5.1,10.7,0.479,0.488,2.6,3.1,0.838,2,4.7,6.7,1.8,0.6,0.7,1.8,3.3,16.2,,villach01
0,Eric Gordon,20,LAC,SG,78,65,34.3,5.3,11.6,0.456,1.7,4.3,0.389,3.6,7.2,0.496,0.529,3.8,4.5,0.854,0.6,2,2.6,2.8,1,0.4,2.1,2.2,16.1,ROY-5,gordoer01
0,David Lee,25,NYK,C,81,74,34.9,6.4,11.7,0.549,0,0,0,6.4,11.7,0.551,0.549,3.1,4.1,0.755,3.2,8.6,11.7,2.1,1,0.3,1.9,3.2,16,,leeda02
0,Kevin Garnett,32,BOS,PF,57,57,31.1,6.9,13,0.531,0,0.1,0.25,6.9,12.8,0.534,0.532,1.9,2.3,0.841,1.4,7.1,8.5,2.5,1.1,1.2,1.6,2.2,15.8,DPOY-8AS,garneke01
0,Steve Nash,34,PHO,PG,74,74,33.6,5.8,11.5,0.503,1.5,3.3,0.439,4.3,8.2,0.529,0.566,2.6,2.8,0.933,0.3,2.8,3,9.7,0.7,0.1,3.4,1.5,15.7,,nashst01
0,Tracy McGrady,29,HOU,SG,35,35,33.7,5.4,13.9,0.388,1.3,3.3,0.376,4.1,10.5,0.391,0.433,3.6,4.5,0.801,0.6,3.8,4.4,5,1.2,0.4,2,1.1,15.6,,mcgratr01
0,Josh Smith,23,ATL,PF,69,69,35.1,6.1,12.3,0.492,0.4,1.3,0.299,5.7,11,0.514,0.508,3.1,5.2,0.588,1.9,5.3,7.2,2.4,1.4,1.6,2.3,2.7,15.6,DPOY-16,smithjo03
0,Manu Ginóbili,31,SAS,SG,44,7,26.8,5.1,11.2,0.454,1.6,4.8,0.33,3.5,6.4,0.546,0.524,3.8,4.3,0.884,0.5,4,4.5,3.6,1.5,0.4,2,2,15.5,6MOY-6,ginobma01
0,Andrea Bargnani,23,TOR,PF,78,59,31.4,5.5,12.3,0.45,1.5,3.7,0.409,4,8.6,0.468,0.512,2.8,3.4,0.831,0.9,4.4,5.3,1.2,0.4,1.2,1.7,3.1,15.4,,bargnan01
0,Russell Westbrook,20,OKC,PG,82,65,32.5,5.3,13.4,0.398,0.4,1.6,0.271,4.9,11.8,0.415,0.414,4.3,5.2,0.815,2.2,2.7,4.9,5.3,1.3,0.2,3.3,2.3,15.3,ROY-4,westbru01
0,Thaddeus Young,20,PHI,PF,75,71,34.4,6.3,12.8,0.495,0.7,2.2,0.341,5.6,10.6,0.526,0.524,1.9,2.5,0.735,1.9,3.2,5,1.1,1.3,0.3,1.6,2.2,15.3,,youngth01
0,J.R. Smith,23,DEN,SG,81,18,27.7,5.2,11.7,0.446,2.2,5.6,0.397,3,6.1,0.491,0.541,2.5,3.4,0.754,0.5,3.1,3.7,2.8,1,0.2,1.9,2.3,15.2,6MOY-2,smithjr01
0,Mike Dunleavy,28,IND,SG,18,14,27.5,5.2,12.9,0.401,1.8,5,0.356,3.4,7.9,0.43,0.47,2.9,3.6,0.815,0.8,3,3.8,2.4,0.7,0.5,2.1,2,15.1,,dunlemi02
0,Mike Bibby,30,ATL,PG,79,79,34.7,5.5,12.7,0.435,2.1,5.4,0.39,3.4,7.3,0.468,0.518,1.7,2.2,0.789,0.5,3,3.5,5,1.2,0.1,1.6,1.8,14.9,,bibbymi01
0,Baron Davis,29,LAC,PG,65,60,34.6,5.5,14.8,0.37,1.5,5,0.302,3.9,9.7,0.406,0.422,2.4,3.2,0.757,0.7,3,3.7,7.7,1.7,0.5,3,3,14.9,,davisba01
0,T.J. Ford,25,IND,PG,74,49,30.5,5.6,12.3,0.452,0.5,1.4,0.337,5.1,10.9,0.467,0.472,3.3,3.8,0.872,0.8,2.7,3.5,5.3,1.2,0.2,2.4,2.4,14.9,,fordtj01
0,Nenê,26,DEN,C,77,76,32.6,5.6,9.2,0.604,0,0.1,0.2,5.5,9.1,0.607,0.604,3.5,4.8,0.723,2.4,5.4,7.8,1.4,1.2,1.3,1.9,3.6,14.6,,hilarne01
0,Kelenna Azubuike,25,GSW,SF,74,51,32.1,5.3,11.4,0.464,1.3,2.8,0.448,4,8.6,0.469,0.52,2.5,3.1,0.808,1.5,3.5,5,1.6,0.8,0.7,1.3,2.5,14.4,,azubuke01
0,Wilson Chandler,21,NYK,SF,82,70,33.4,5.5,12.9,0.432,1.3,3.8,0.328,4.3,9,0.476,0.481,2.1,2.6,0.795,1.1,4.3,5.4,2.1,0.9,0.9,1.7,3,14.4,,chandwi01
0,Andrew Bynum,21,LAL,C,50,50,28.9,5.6,10,0.56,0,0,,5.6,10,0.56,0.56,3,4.3,0.707,2.7,5.2,8,1.4,0.4,1.8,1.7,3.1,14.3,,bynuman01
0,Troy Murphy,28,IND,PF,73,73,34,5,10.5,0.475,2.2,4.9,0.45,2.8,5.6,0.496,0.58,2.1,2.5,0.826,2,9.8,11.8,2.4,0.8,0.5,1.6,3.1,14.3,,murphtr01
0,Leandro Barbosa,26,PHO,SG,70,11,24.4,5.2,10.8,0.482,1.3,3.4,0.375,3.9,7.4,0.532,0.542,2.4,2.8,0.881,0.5,2.1,2.6,2.3,1.2,0.1,1.3,1.6,14.2,6MOY-10,barbole01
0,Raymond Felton,24,CHA,PG,82,81,37.6,5.4,13.2,0.408,0.7,2.5,0.285,4.7,10.7,0.437,0.435,2.7,3.3,0.805,0.7,3.1,3.8,6.7,1.5,0.4,2.8,2.3,14.2,,feltora01
0,Tayshaun Prince,28,DET,SF,82,82,37.3,5.6,12.4,0.45,0.7,1.7,0.397,4.9,10.7,0.458,0.477,2.3,3,0.778,1.6,4.2,5.8,3.1,0.5,0.6,1.2,1.3,14.2,,princta01
0,Luol Deng,23,CHI,SF,49,46,34,5.4,12.1,0.448,0.2,0.4,0.4,5.2,11.7,0.45,0.455,3.1,3.9,0.796,1.6,4.4,6,1.9,1.2,0.5,1.5,1.7,14.1,,denglu01
0,Michael Beasley,20,MIA,PF,81,19,24.8,5.6,11.8,0.472,0.4,1,0.407,5.2,10.8,0.478,0.49,2.3,3,0.772,1.4,4.1,5.4,1,0.5,0.5,1.5,2.3,13.9,ROY-76MOY-17,beaslmi01
0,Marvin Williams,22,ATL,SF,61,59,34.3,4.7,10.2,0.458,0.9,2.5,0.355,3.8,7.7,0.493,0.502,3.6,4.5,0.806,1.8,4.5,6.3,1.3,0.9,0.6,1.1,2.1,13.9,,willima02
0,Elton Brand,29,PHI,PF,29,23,31.7,5.6,12.6,0.447,0,0,,5.6,12.6,0.447,0.447,2.5,3.7,0.676,2.7,6.1,8.8,1.3,0.6,1.6,2.3,2.7,13.8,,brandel01
0,Ronnie Brewer,23,UTA,SF,81,80,32.2,5.2,10.2,0.508,0.3,1,0.259,4.9,9.2,0.537,0.522,3,4.3,0.702,1.2,2.5,3.7,2.2,1.7,0.4,1.4,1.6,13.7,,brewero02
0,Cuttino Mobley,33,LAC,SG,11,11,33.2,5.7,13.3,0.432,1.1,3.2,0.343,4.6,10.1,0.459,0.473,1.2,1.6,0.722,0.8,1.8,2.6,1.1,1.4,0.2,1.6,1.9,13.7,,moblecu01
0,Marquis Daniels,28,IND,SF,54,43,31.5,5.8,12.8,0.451,0.3,1.7,0.2,5.4,11.1,0.489,0.464,1.7,2.4,0.721,1.5,3.1,4.6,2.1,1.1,0.5,1.7,2.2,13.6,,daniema01
0,Paul Millsap,23,UTA,PF,76,38,30.1,5.3,9.9,0.534,0,0.1,0,5.3,9.8,0.537,0.534,3,4.3,0.699,3.3,5.3,8.6,1.8,1,1,1.7,3.8,13.5,6MOY-17,millspa01
0,Rodney Stuckey,22,DET,PG,79,65,31.9,5.1,11.6,0.439,0.3,1,0.295,4.8,10.6,0.453,0.452,2.9,3.7,0.803,0.9,2.6,3.5,4.9,1,0.1,2.2,2.7,13.4,,stuckro01
0,Jermaine O'Neal,30,2TM,C,68,61,29.8,5.4,11.3,0.474,0,0,0,5.4,11.3,0.475,0.474,2.6,3.3,0.788,1.9,4.5,6.4,1.8,0.4,2,2.1,3.1,13.3,,onealje01
0,Ryan Gomes,26,MIN,SF,82,76,31.9,5.1,11.9,0.431,1.3,3.5,0.372,3.8,8.4,0.456,0.486,1.8,2.2,0.807,1.3,3.5,4.8,1.6,0.8,0.3,1.6,2.2,13.3,,gomesry01
0,Peja Stojaković,31,NOH,SF,61,59,34.2,4.7,11.8,0.399,2.4,6.3,0.378,2.3,5.5,0.424,0.5,1.5,1.7,0.894,0.7,3.6,4.3,1.2,0.9,0,0.8,1.7,13.3,,stojape01
0,Boris Diaw,26,2TM,PF,81,59,34,5.5,10.9,0.507,0.9,2.2,0.414,4.6,8.7,0.531,0.549,1.2,1.8,0.687,1.5,3.9,5.3,4.1,0.8,0.7,2.7,2.5,13.2,,diawbo01
0,Emeka Okafor,26,CHA,C,82,81,32.8,5.3,9.4,0.561,0,0,,5.3,9.4,0.561,0.561,2.7,4.5,0.593,3.4,6.7,10.1,0.6,0.6,1.7,1.8,3,13.2,,okafoem01
0,Jarrett Jack,25,IND,SG,82,53,33.1,4.7,10.4,0.453,1,2.7,0.353,3.8,7.7,0.487,0.498,2.7,3.2,0.852,0.5,2.8,3.4,4.1,1.1,0.2,2.2,2.2,13.1,,jackja01
0,Gilbert Arenas,27,WAS,PG,2,2,31.5,3,11.5,0.261,1,3.5,0.286,2,8,0.25,0.304,6,8,0.75,0.5,4,4.5,10,0,0.5,0.5,2,13,,arenagi01
0,Brook Lopez,20,NJN,C,82,75,30.5,5.5,10.3,0.531,0,0,0,5.5,10.3,0.532,0.531,2.1,2.6,0.793,2.7,5.4,8.1,1,0.5,1.8,1.8,3.1,13,ROY-3,lopezbr01
0,Shawn Marion,30,2TM,SF,69,68,35.8,5.5,11.4,0.485,0.1,0.8,0.189,5.4,10.7,0.506,0.491,1.7,2.1,0.796,2.6,5.9,8.5,2,1.3,1,1.5,1.9,12.9,,mariosh01
0,Zydrunas Ilgauskas,33,CLE,C,65,65,27.2,5.3,11.1,0.472,0.2,0.6,0.385,5,10.5,0.477,0.483,2.1,2.7,0.799,2.4,5.1,7.5,1,0.4,1.3,1.4,2.8,12.9,,ilgauzy01
0,José Calderón,27,TOR,PG,68,68,34.3,4.7,9.5,0.497,1.2,3,0.406,3.5,6.5,0.538,0.561,2.2,2.3,0.981,0.2,2.6,2.9,8.9,1.1,0.1,2.1,1.7,12.8,,caldejo01
0,Travis Outlaw,24,POR,SF,81,6,27.7,4.8,10.5,0.453,1.1,2.9,0.377,3.7,7.6,0.482,0.505,2.2,3,0.723,0.9,3.2,4.1,1,0.6,0.7,1.2,2.1,12.8,6MOY-5,outlatr01
0,Lou Williams,22,PHI,SG,81,0,23.7,4.1,10.4,0.398,0.8,2.7,0.286,3.4,7.7,0.438,0.435,3.8,4.8,0.79,0.4,1.6,2,3,1,0.2,1.9,1.6,12.8,6MOY-10,willilo02
0,Francisco García,27,SAC,SF,65,36,30.4,4.5,10.2,0.444,1.4,3.4,0.398,3.2,6.8,0.466,0.51,2.2,2.7,0.82,0.9,2.5,3.4,2.3,1.2,1,1.7,3,12.7,,garcifr01
0,Luis Scola,28,HOU,PF,82,82,30.3,5.2,9.7,0.531,0,0,0,5.2,9.7,0.533,0.531,2.4,3.1,0.76,2.4,6.3,8.8,1.5,0.8,0.1,1.5,3.2,12.7,,scolalu01
0,Ramon Sessions,22,MIL,PG,79,39,27.5,4.4,9.8,0.445,0.1,0.4,0.176,4.3,9.4,0.457,0.449,3.6,4.5,0.794,0.8,2.6,3.4,5.7,1.1,0.1,1.9,2,12.4,,sessira01
0,Ronald Murray,29,ATL,SG,80,2,24.7,4.4,9.9,0.447,1.1,3,0.36,3.4,6.9,0.485,0.501,2.2,2.9,0.76,0.3,1.8,2.1,2,1.1,0.2,1.6,2.2,12.2,6MOY-7,murraro01
0,Grant Hill,36,PHO,SF,82,68,29.8,4.8,9.1,0.523,0.3,0.9,0.316,4.5,8.2,0.547,0.54,2.2,2.7,0.808,0.8,4.2,4.9,2.3,1.1,0.7,1.5,2.2,12,DPOY-16,hillgr01
0,Chris Kaman,26,LAC,C,31,24,29.7,5.2,9.8,0.528,0,0,,5.2,9.8,0.528,0.528,1.6,2.4,0.68,2.4,5.5,8,1.5,0.5,1.5,2.7,3,12,,kamanch01
0,Rasheed Wallace,34,DET,C,66,63,32.2,4.6,10.9,0.419,1.7,4.8,0.354,2.9,6.1,0.471,0.498,1.2,1.5,0.772,0.8,6.6,7.4,1.4,0.9,1.3,0.9,3,12,,wallara01
0,Drew Gooden,27,3TM,PF,51,28,24.8,4.6,9.9,0.468,0,0.1,0,4.6,9.8,0.472,0.468,2.6,3.1,0.84,2.2,4.9,7.1,0.9,0.6,0.4,1.5,2.8,11.9,,goodedr01
0,Raja Bell,32,2TM,SG,67,66,34.6,4.5,10.2,0.437,1.7,4,0.421,2.8,6.2,0.448,0.52,1.3,1.5,0.853,0.6,3,3.6,2.1,0.7,0.1,1.3,2.5,11.9,DPOY-12,bellra01
0,Andris Biedriņš,22,GSW,C,62,58,30,5,8.6,0.578,0,0,0,5,8.6,0.579,0.578,1.9,3.5,0.551,3.6,7.6,11.2,2,1,1.5,1.8,3.8,11.9,,biedran01
0,Marc Gasol,24,MEM,C,82,75,30.7,4.3,8.1,0.53,0,0,0,4.3,8,0.53,0.53,3.4,4.6,0.733,2.5,4.9,7.4,1.7,0.8,1.1,2,3.2,11.9,ROY-8,gasolma01
0,Brad Miller,32,2TM,C,70,43,30,4.2,8.8,0.476,0.3,0.8,0.411,3.8,8,0.482,0.494,3.2,3.9,0.824,2.1,5.6,7.8,3.3,0.7,0.5,1.9,3.2,11.9,,millebr01
0,Rajon Rondo,22,BOS,PG,80,80,33,4.8,9.5,0.505,0.2,0.6,0.313,4.6,8.9,0.518,0.514,2.2,3.4,0.642,1.3,4,5.2,8.2,1.9,0.1,2.6,2.4,11.9,DPOY-10,rondora01
0,D.J. Augustin,21,CHA,PG,72,12,26.5,3.7,8.6,0.43,1.5,3.4,0.439,2.2,5.2,0.424,0.517,2.9,3.2,0.893,0.2,1.6,1.8,3.5,0.6,0,1.7,1.9,11.8,,augusdj01
0,Roger Mason,28,SAS,SG,82,71,30.4,4.3,10,0.425,2,4.8,0.421,2.2,5.2,0.428,0.526,1.3,1.4,0.89,0.2,2.9,3.1,2.1,0.5,0.1,1.2,2,11.8,,masonro01
0,Rafer Alston,32,2TM,PG,77,76,31.8,4.1,10.6,0.385,1.5,4.3,0.338,2.6,6.4,0.417,0.454,2,2.7,0.75,0.4,2.5,2.9,5.3,1.4,0.1,1.8,1.8,11.7,,alstora01
0,Andrew Bogut,24,MIL,C,36,33,31.2,5.1,8.8,0.577,0,0,,5.1,8.8,0.577,0.577,1.6,2.7,0.571,3.3,7,10.3,2,0.6,1,2.4,3.6,11.7,,bogutan01
0,Kenyon Martin,31,DEN,PF,66,66,32,4.8,9.8,0.491,0.2,0.6,0.368,4.6,9.2,0.498,0.502,1.8,3,0.604,1.2,4.8,6,2,1.5,1.1,1.6,3,11.7,,martike01
0,Delonte West,25,CLE,SG,64,64,33.6,4.5,9.8,0.457,1.4,3.6,0.399,3,6.2,0.49,0.53,1.4,1.7,0.833,0.5,2.7,3.2,3.5,1.5,0.2,1.4,2,11.7,,westde01
0,Larry Hughes,30,2TM,SF,55,20,26.9,4.1,10.1,0.402,1.4,3.5,0.389,2.7,6.6,0.409,0.469,2.1,2.6,0.807,0.3,2.6,2.9,2.2,1.3,0.3,1.3,1.7,11.6,,hughela01
0,Andrei Kirilenko,27,UTA,PF,67,10,27.3,3.8,8.5,0.449,0.3,1.1,0.274,3.5,7.4,0.475,0.467,3.6,4.6,0.785,1.3,3.5,4.8,2.6,1.2,1.1,1.8,1.9,11.6,6MOY-9,kirilan01
0,Hakim Warrick,26,MEM,PF,82,7,24.7,4.1,8.5,0.491,0.1,0.3,0.217,4.1,8.2,0.5,0.494,3.2,4.6,0.711,1.6,3.4,5,0.8,0.6,0.5,1.2,2.1,11.6,6MOY-17,warriha01
0,Al Horford,22,ATL,C,67,67,33.5,4.7,8.9,0.525,0,0,0,4.7,8.9,0.526,0.525,2.2,3.1,0.727,2.2,7.1,9.3,2.4,0.8,1.4,1.5,2.8,11.5,,horfoal01
0,Andrés Nocioni,29,2TM,PF,76,18,26.2,3.9,9.2,0.427,1.6,4.1,0.399,2.3,5.1,0.449,0.515,1.9,2.4,0.792,0.7,4,4.8,1.3,0.5,0.4,1.5,3.4,11.4,,nocioan01
0,Spencer Hawes,20,SAC,C,77,51,29.3,4.8,10.4,0.466,0.5,1.5,0.348,4.3,8.9,0.486,0.491,1.2,1.8,0.662,1.9,5.2,7.1,1.9,0.6,1.2,2.1,3.2,11.4,,hawessp01
0,Lamar Odom,29,LAL,PF,78,32,29.7,4.4,9,0.492,0.4,1.3,0.32,4,7.7,0.522,0.516,2.1,3.3,0.623,2.3,5.9,8.2,2.6,1,1.3,1.8,3,11.3,6MOY-4,odomla01
0,Aaron Brooks,24,HOU,PG,80,35,25,4,9.8,0.404,1.4,3.9,0.366,2.5,5.9,0.428,0.476,1.9,2.2,0.866,0.4,1.6,2,3,0.6,0.1,1.6,1.9,11.2,,brookaa01
0,Rasual Butler,29,NOH,SF,82,74,31.9,4.2,9.8,0.433,1.7,4.4,0.39,2.5,5.4,0.468,0.521,1,1.3,0.782,0.6,2.7,3.3,0.9,0.6,0.7,0.7,1.9,11.2,,butlera01
0,Chris Duhon,26,NYK,PG,79,78,36.8,3.6,8.6,0.421,1.6,4.1,0.391,2,4.5,0.449,0.515,2.3,2.6,0.856,0.6,2.5,3.1,7.2,0.9,0.1,2.8,1.6,11.1,,duhonch01
0,Kevin Love,20,MIN,C,81,37,25.3,3.9,8.5,0.459,0,0.2,0.105,3.9,8.3,0.469,0.461,3.3,4.1,0.789,3.4,5.7,9.1,1,0.4,0.6,1.5,2.5,11.1,ROY-6,loveke01
0,Jason Thompson,22,SAC,PF,82,56,28.1,4.3,8.7,0.497,0,0.1,0,4.3,8.6,0.502,0.497,2.4,3.5,0.692,2.9,4.5,7.4,1.1,0.6,0.7,1.8,3.8,11.1,,thompja02
0,Steve Blake,28,POR,PG,69,69,31.7,4,9.4,0.428,2,4.8,0.427,2,4.6,0.429,0.536,0.9,1.1,0.84,0.4,2.1,2.5,5,1,0.1,1.6,1.8,11,,blakest01
0,Beno Udrih,26,SAC,PG,73,72,31.1,4.4,9.5,0.461,0.5,1.5,0.31,3.9,8,0.491,0.486,1.7,2.1,0.82,0.6,2.4,3,4.7,1.1,0.2,2.2,2.6,11,,udrihbe01
0,Mike Conley,21,MEM,PG,82,61,30.6,3.9,8.9,0.442,1.1,2.6,0.406,2.9,6.3,0.458,0.503,2,2.4,0.817,0.3,3.1,3.4,4.3,1.1,0.1,1.7,1.8,10.9,,conlemi01
0,Nick Young,23,WAS,SG,82,5,22.4,4.1,9.2,0.444,0.7,2,0.341,3.4,7.2,0.473,0.481,2,2.4,0.85,0.4,1.5,1.8,1.2,0.5,0.2,1.1,1.7,10.9,,youngni01
0,Tyrus Thomas,22,CHI,PF,79,61,27.5,3.9,8.6,0.451,0,0.1,0.333,3.9,8.5,0.453,0.453,3,3.8,0.783,1.9,4.6,6.4,1,1.2,1.9,1.6,2.8,10.8,,thomaty01
0,Anthony Parker,33,TOR,SG,80,71,33,4,9.4,0.426,1.2,3,0.39,2.8,6.4,0.442,0.488,1.5,1.8,0.834,0.6,3.4,4,3.4,1.3,0.2,1.4,1.8,10.7,,parkean01
0,Udonis Haslem,28,MIA,PF,75,75,34.1,4.4,8.6,0.518,0,0,,4.4,8.6,0.518,0.518,1.7,2.3,0.753,2.3,6,8.2,1.1,0.6,0.3,1.1,2.7,10.6,,hasleud01
0,Rudy Fernández,23,POR,SG,78,4,25.6,3.4,8.1,0.425,2,5.1,0.399,1.4,3,0.47,0.552,1.5,1.8,0.839,0.6,2.1,2.7,2,0.9,0.2,1.1,1.4,10.4,ROY-9,fernaru01
0,Marcus Camby,34,LAC,C,62,55,31,4.1,8,0.512,0,0.1,0.25,4.1,7.9,0.514,0.513,2.1,2.9,0.725,2.6,8.5,11.1,2,0.8,2.1,1.5,2.1,10.3,DPOY-16,cambyma01
0,Matt Barnes,28,PHO,PF,77,40,27,3.7,8.8,0.423,1.5,4.4,0.343,2.2,4.3,0.505,0.51,1.3,1.8,0.743,1,4.4,5.5,2.8,0.7,0.3,1.7,2.7,10.2,,barnema02
0,Quentin Richardson,28,NYK,SG,72,51,26.3,3.6,9.3,0.393,1.7,4.6,0.365,2,4.7,0.42,0.483,1.2,1.6,0.761,1,3.4,4.4,1.6,0.7,0.1,1,1.8,10.2,,richaqu01
0,Anthony Morrow,23,GSW,SG,67,17,22.6,3.8,8,0.478,1.3,2.7,0.467,2.5,5.2,0.483,0.558,1.2,1.4,0.87,1.2,1.8,3,1.2,0.5,0.2,0.8,1.9,10.1,,morroan01
0,Craig Smith,25,MIN,PF,74,31,19.7,3.9,6.9,0.562,0,0,0,3.9,6.9,0.563,0.562,2.3,3.4,0.677,1.3,2.5,3.8,1.1,0.4,0.3,1.4,2.5,10.1,,smithcr01
0,Andray Blatche,22,WAS,C,71,36,24,4.2,8.9,0.471,0.1,0.3,0.238,4.1,8.6,0.479,0.475,1.6,2.3,0.704,1.8,3.5,5.3,1.7,0.7,1,1.6,3,10,,blatcan01
0,Mario Chalmers,22,MIA,PG,82,82,32,3.4,8.1,0.42,1.4,3.8,0.367,2,4.3,0.467,0.506,1.8,2.4,0.767,0.5,2.3,2.8,4.9,2,0.1,2,2.9,10,ROY-11,chalmma01
0,Derek Fisher,34,LAL,PG,82,82,29.8,3.6,8.4,0.424,1.5,3.7,0.397,2.1,4.7,0.446,0.512,1.3,1.6,0.846,0.3,2,2.3,3.2,1.2,0.1,0.9,2.3,9.9,,fishede01
0,Kirk Hinrich,28,CHI,SG,51,4,26.3,3.6,8.2,0.437,1.4,3.3,0.408,2.2,4.9,0.456,0.519,1.3,1.7,0.791,0.3,2.1,2.4,3.9,1.3,0.4,1.7,2.5,9.9,6MOY-14,hinriki01
0,Linas Kleiza,24,DEN,SF,82,7,22.2,3.5,7.9,0.447,1.1,3.3,0.326,2.5,4.6,0.533,0.515,1.8,2.5,0.725,1.1,2.9,4,0.8,0.4,0.2,1,1.9,9.9,,kleizli01
0,Mike Miller,28,MIN,SF,73,47,32.3,3.6,7.5,0.482,1.2,3.1,0.378,2.5,4.4,0.554,0.559,1.5,2,0.732,1,5.6,6.6,4.5,0.4,0.4,2,1.9,9.9,,millemi01
0,Sebastian Telfair,23,MIN,PG,75,43,27.9,3.6,9.3,0.383,1,2.8,0.346,2.6,6.5,0.399,0.435,1.7,2.1,0.819,0.4,1.3,1.7,4.6,1,0.2,1.9,2.5,9.8,,telfase01
0,Keyon Dooling,28,NJN,PG,77,18,26.9,3.4,7.8,0.436,1.3,3.1,0.421,2.1,4.7,0.446,0.519,1.6,2,0.825,0.3,1.7,2,3.5,0.9,0.1,1.4,1.8,9.7,,doolike01
0,Michael Finley,35,SAS,SF,81,77,28.8,3.7,8.5,0.437,1.6,3.9,0.411,2.1,4.6,0.459,0.532,0.6,0.8,0.823,0.3,3,3.3,1.4,0.5,0.2,0.8,1,9.7,,finlemi01
0,Brendan Haywood,29,WAS,C,6,5,29.2,4,8.3,0.48,0,0,,4,8.3,0.48,0.48,1.7,3.5,0.476,2.2,5.2,7.3,1.3,0.7,2.5,1.5,2.3,9.7,,haywobr01
0,Nenad Krstić,25,OKC,C,46,29,24.8,4.2,8.8,0.469,0,0,,4.2,8.8,0.469,0.469,1.4,1.7,0.797,1.8,3.7,5.5,0.6,0.5,1.1,1,2.5,9.7,,krstine01
0,Von Wafer,23,HOU,SG,63,11,19.4,3.6,8.1,0.447,1,2.6,0.39,2.6,5.5,0.474,0.51,1.4,1.9,0.752,0.3,1.5,1.8,1.1,0.6,0.1,0.9,1.1,9.7,,wafervo01
0,Rashad McCants,24,2TM,SG,58,3,19,3.3,8.4,0.393,1.1,3.3,0.333,2.2,5.2,0.431,0.458,1.8,2.4,0.759,0.4,1.5,1.9,1.2,0.8,0.2,1.1,1.8,9.6,,mccanra01
0,Antonio McDyess,34,DET,PF,62,30,30.1,4.3,8.5,0.51,0,0,,4.3,8.5,0.51,0.51,1,1.4,0.698,3,6.8,9.8,1.3,0.7,0.8,0.8,3.1,9.6,,mcdyean01
0,Luke Ridnour,27,MIL,PG,72,50,28.2,3.5,8.6,0.403,0.8,2.2,0.35,2.7,6.4,0.42,0.447,1.8,2.1,0.869,0.5,2.6,3,5.1,1.3,0.2,1.8,2.8,9.6,,ridnolu01
0,C.J. Watson,24,GSW,PG,77,18,24.5,3.3,7.3,0.457,0.6,1.6,0.4,2.7,5.7,0.473,0.5,2.2,2.5,0.87,0.5,2,2.5,2.7,1.2,0.1,1.2,1.8,9.5,,watsocj01
0,Mickaël Piétrus,26,ORL,SG,54,25,24.6,3.3,7.9,0.413,1.5,4.1,0.359,1.8,3.8,0.473,0.507,1.4,2,0.709,0.8,2.4,3.3,1.2,0.6,0.4,1,2.3,9.4,,pietrmi01
0,Carl Landry,25,HOU,PF,69,0,21.3,3.5,6.1,0.574,0,0,0.333,3.5,6,0.576,0.575,2.3,2.8,0.813,1.8,3.2,5,0.6,0.4,0.4,1,2.4,9.2,,landrca01
0,Daequan Cook,21,MIA,SF,75,4,24.4,3.2,8.6,0.375,2,5.3,0.387,1.2,3.3,0.356,0.494,0.7,0.7,0.875,0.3,2.3,2.5,0.9,0.5,0.1,0.6,1.7,9.1,,cookda02
0,C.J. Miles,21,UTA,SG,72,72,22.5,3.6,7.8,0.459,0.9,2.5,0.352,2.7,5.3,0.509,0.515,1.1,1.2,0.876,0.6,1.7,2.3,1.5,0.6,0.2,0.9,2.6,9.1,,milescj01
0,Jason Kidd,35,DAL,PG,81,81,35.6,3.2,7.6,0.416,1.6,4,0.406,1.6,3.6,0.427,0.522,1.1,1.3,0.819,1,5.1,6.2,8.7,2,0.5,2.3,2.1,9,,kiddja01
0,Kyle Korver,27,UTA,SF,78,2,24,3.1,7.2,0.438,1.3,3.4,0.386,1.8,3.8,0.485,0.529,1.4,1.6,0.882,0.4,2.9,3.3,1.8,0.6,0.4,1.2,2.2,9,,korveky01
0,Trevor Ariza,23,LAL,SF,82,20,24.4,3.3,7.3,0.46,0.7,2.3,0.319,2.6,4.9,0.526,0.511,1.5,2.1,0.71,1.4,2.9,4.3,1.8,1.7,0.3,1.1,2,8.9,DPOY-166MOY-17,arizatr01
0,Marco Belinelli,22,GSW,SG,42,23,21,3.3,7.5,0.442,1.2,3.1,0.397,2.1,4.4,0.473,0.524,1,1.2,0.769,0.2,1.5,1.7,2.1,0.9,0,1.4,1.7,8.9,,belinma01
0,Greg Oden,21,POR,C,61,39,21.5,3.2,5.8,0.564,0,0,,3.2,5.8,0.564,0.564,2.4,3.7,0.637,2.8,4.2,7,0.5,0.4,1.1,1.4,3.9,8.9,,odengr01
0,James Posey,32,NOH,SG,75,0,28.5,2.9,7,0.412,1.5,4.2,0.369,1.3,2.8,0.476,0.523,1.6,1.9,0.822,0.5,4.3,4.8,1.1,0.8,0.3,1.1,2.9,8.9,6MOY-16,poseyja01
0,D.J. White,22,OKC,PF,7,0,18.6,3.7,7.1,0.52,0,0,,3.7,7.1,0.52,0.52,1.4,1.9,0.769,1.4,3.1,4.6,0.9,0.4,0.7,0.4,1.4,8.9,,whitedj01
0,Tyson Chandler,26,NOH,C,45,45,32.1,3.6,6.3,0.565,0,0,,3.6,6.3,0.565,0.565,1.7,3,0.579,3.6,5.1,8.7,0.5,0.3,1.2,1.6,3.2,8.8,,chandty01
0,Mike James,33,2TM,PG,61,50,27,3.2,8.4,0.383,1.1,3,0.375,2.1,5.4,0.388,0.45,1.1,1.3,0.829,0.4,1.8,2.2,3.3,0.7,0.1,1.5,1.8,8.7,,jamesmi01
0,Jarvis Hayes,27,NJN,SF,74,1,24.8,3.5,7.8,0.445,1.3,3.3,0.385,2.2,4.5,0.489,0.527,0.5,0.7,0.692,0.4,3.2,3.6,0.7,0.7,0.1,0.7,2.2,8.7,,hayesja01
0,Yi Jianlian,21,NJN,PF,61,52,23.3,3.1,8.2,0.382,0.8,2.3,0.343,2.3,5.9,0.397,0.43,1.6,2,0.772,1.1,4.2,5.3,1,0.5,0.6,1.1,2.6,8.6,,jianlyi01
0,Anderson Varejão,26,CLE,PF,81,42,28.5,3.3,6.2,0.536,0,0,0,3.3,6.2,0.538,0.536,1.9,3.1,0.616,2,5.1,7.2,1,0.9,0.8,1,3,8.6,DPOY-13,varejan01
0,Tim Thomas,31,3TM,PF,64,6,19.5,3,6.8,0.432,1.2,3,0.413,1.7,3.9,0.446,0.521,1.4,1.9,0.736,0.7,2.5,3.1,1.1,0.5,0.2,1.1,2.3,8.5,,thomati01
0,Brandon Bass,23,DAL,C,81,0,19.4,3.1,6.3,0.496,0,0.1,0,3.1,6.2,0.502,0.496,2.2,2.6,0.867,1.6,2.9,4.5,0.5,0.3,0.7,1.1,1.7,8.5,,bassbr01
0,Willie Green,27,PHI,SG,81,60,22.6,3.5,8.1,0.435,0.6,2,0.317,2.9,6.1,0.473,0.473,0.8,1,0.729,0.4,1.2,1.6,2,0.7,0.2,0.8,1.9,8.5,,greenwi01
0,Eddie House,30,BOS,PG,81,0,18.3,3.1,6.9,0.445,1.9,4.2,0.444,1.2,2.7,0.445,0.579,0.5,0.7,0.792,0.1,1.8,1.9,1.1,0.8,0.1,0.7,1.4,8.5,6MOY-13,houseed01
0,Kendrick Perkins,24,BOS,C,76,76,29.6,3.6,6.3,0.577,0,0,0,3.6,6.3,0.58,0.577,1.3,2.1,0.6,2.7,5.5,8.1,1.3,0.3,2,2.2,3.3,8.5,,perkike01
0,Charlie Bell,29,MIL,SG,70,23,25.5,3.1,7.5,0.414,1.2,3.4,0.363,1.9,4.1,0.458,0.497,0.9,1.1,0.825,0.5,1.5,1.9,2.2,0.7,0.1,1.1,2,8.4,,bellch01
0,Courtney Lee,23,ORL,SG,77,42,25.2,3.2,7,0.45,1.1,2.6,0.404,2.1,4.4,0.478,0.526,1,1.2,0.83,0.2,2.1,2.3,1.2,1,0.2,0.9,2,8.4,ROY-11,leeco01
0,Brandan Wright,21,GSW,PF,39,23,17.6,3.3,6.3,0.528,0,0.1,0,3.3,6.2,0.537,0.528,1.6,2.2,0.741,1.6,2.4,4,0.5,0.6,0.9,0.6,1.9,8.3,,wrighbr03
0,Matt Bonner,28,SAS,PF,81,67,23.8,3.3,6.6,0.496,1.5,3.3,0.44,1.8,3.3,0.552,0.606,0.2,0.3,0.739,1.2,3.6,4.8,1,0.6,0.3,0.5,2.3,8.2,,bonnema01
0,Nick Collison,28,OKC,C,71,40,25.8,3.4,6,0.568,0,0,0,3.4,6,0.57,0.568,1.4,1.9,0.721,2.5,4.3,6.9,0.9,0.7,0.7,1,3.4,8.2,,collini01
0,Jason Kapono,27,TOR,SG,80,12,22.9,3.3,7.6,0.432,1.2,2.9,0.428,2,4.7,0.435,0.513,0.4,0.5,0.81,0.3,1.7,2,1.3,0.3,0,0.9,1.8,8.2,6MOY-15,kaponja01
0,Brandon Rush,23,IND,SG,75,19,24,3.2,7.7,0.423,1,2.8,0.373,2.2,4.9,0.451,0.49,0.6,0.9,0.697,0.5,2.7,3.1,0.9,0.5,0.5,1,1.7,8.1,,rushbr01
0,Anthony Randolph,19,GSW,PF,63,22,17.9,3.2,6.8,0.462,0,0.1,0,3.2,6.8,0.466,0.462,1.6,2.2,0.716,2,3.7,5.8,0.8,0.7,1.2,1.3,2.2,7.9,,randoan01
0,Tony Allen,27,BOS,SG,46,2,19.3,3,6.2,0.482,0.1,0.6,0.222,2.8,5.6,0.51,0.493,1.7,2.4,0.725,0.5,1.8,2.3,1.4,1.2,0.5,1.7,2.1,7.8,,allento01
0,J.J. Barea,24,DAL,SG,79,15,20.3,3.1,7.1,0.442,0.7,1.9,0.357,2.4,5.1,0.474,0.491,0.9,1.2,0.753,0.5,1.8,2.2,3.4,0.5,0.1,1.3,1.5,7.8,,bareajo01
0,Daniel Gibson,22,CLE,PG,75,0,23.9,2.7,7,0.391,1.4,3.8,0.382,1.3,3.3,0.402,0.493,0.9,1.1,0.767,0.4,1.7,2.1,1.8,0.6,0.2,0.8,2.2,7.8,,gibsoda01
0,Bobby Simmons,28,NJN,SF,71,44,24.4,2.8,6.2,0.449,1.6,3.7,0.447,1.1,2.5,0.453,0.582,0.6,0.8,0.741,1,2.9,3.9,1.3,0.7,0.1,0.9,2.6,7.8,,simmobo01
0,Joey Graham,26,TOR,SF,78,10,19.8,3,6.2,0.481,0,0.2,0.188,2.9,5.9,0.491,0.484,1.7,2.1,0.825,1.2,2.5,3.7,0.6,0.4,0.2,0.9,2.4,7.7,,grahajo01
0,Leon Powe,25,BOS,PF,70,7,17.5,2.5,4.8,0.524,0,0,,2.5,4.8,0.524,0.524,2.6,3.8,0.689,2.1,2.9,4.9,0.7,0.3,0.5,1.1,2.7,7.7,,powele01
0,Marreese Speights,21,PHI,C,79,2,16,3.2,6.4,0.502,0,0.1,0.25,3.2,6.3,0.506,0.504,1.3,1.7,0.773,1.6,2.2,3.7,0.4,0.3,0.7,0.6,2.3,7.7,,speigma01
0,Kyle Lowry,22,2TM,PG,77,21,21.8,2.5,5.6,0.435,0.3,1.3,0.255,2.1,4.4,0.488,0.464,2.4,2.9,0.801,0.3,2.1,2.5,3.6,0.9,0.2,1.5,1.9,7.6,,lowryky01
0,Bobby Jackson,35,SAC,PG,71,10,20.9,2.7,6.8,0.398,0.8,2.8,0.305,1.9,4.1,0.462,0.46,1.2,1.4,0.851,0.6,2.2,2.8,2,0.9,0.1,0.9,1.4,7.5,,jacksbo01
0,Desmond Mason,31,OKC,SG,39,19,27.3,3.2,7.3,0.435,0,0.1,0,3.2,7.2,0.44,0.435,1.2,2.2,0.541,1.1,3,4,1.2,0.4,0.8,1.4,2.5,7.5,,masonde01
0,Ryan Anderson,20,NJN,PF,66,30,19.9,2.4,6.2,0.393,1,2.9,0.365,1.4,3.3,0.417,0.478,1.5,1.8,0.845,1.6,3.1,4.7,0.8,0.7,0.3,1,2.4,7.4,,anderry01
0,Darius Songaila,30,WAS,C,77,29,19.8,3.2,5.9,0.532,0,0,0,3.2,5.9,0.533,0.532,1,1.2,0.889,1,2,2.9,1.2,0.8,0.3,1,2.6,7.4,,songada01
0,Shane Battier,30,HOU,SG,60,59,33.9,2.4,5.9,0.41,1.5,4,0.384,0.9,2,0.462,0.538,0.9,1.1,0.821,0.9,3.9,4.8,2.3,0.8,0.9,0.8,1.9,7.3,DPOY-4,battish01
0,Fred Jones,29,LAC,SF,52,21,28.8,2.5,6.1,0.407,1,2.8,0.367,1.4,3.3,0.441,0.492,1.3,1.6,0.815,0.4,2,2.4,3.6,1,0.2,1.3,2.2,7.3,,jonesfr01
0,Antoine Wright,24,DAL,SF,65,53,23.9,2.8,6.6,0.415,0.7,2.3,0.302,2.1,4.3,0.475,0.468,1.1,1.5,0.747,0.5,1.6,2.1,1.2,0.7,0.4,0.8,2.6,7.3,,wrighan01
0,Chris Wilcox,26,2TM,C,62,6,16.9,3,6,0.497,0,0.1,0,3,5.9,0.503,0.497,1.3,2.3,0.564,1.5,2.9,4.5,0.8,0.4,0.3,1.2,2.2,7.2,,wilcoch01
0,Jamario Moon,28,2TM,SF,80,60,25.9,2.8,5.9,0.468,0.8,2.3,0.355,2,3.6,0.54,0.537,0.9,1,0.85,0.7,3.8,4.6,1.2,1.1,0.8,0.5,1.7,7.2,,moonja01
0,Will Bynum,26,DET,PG,57,1,14.1,2.7,6,0.456,0.1,0.3,0.158,2.7,5.7,0.474,0.461,1.7,2.1,0.798,0.3,1,1.3,2.8,0.6,0,1.3,1.5,7.2,,bynumwi01
0,Rodney Carney,24,MIN,SG,67,6,17.9,2.6,6.3,0.416,1.2,3.4,0.35,1.4,2.9,0.492,0.509,0.7,1,0.758,0.5,1.3,1.9,0.4,0.7,0.4,0.6,1.4,7.2,,carnero01
0,Maurice Evans,30,ATL,SF,80,25,23,2.6,6,0.432,1.2,3.1,0.395,1.4,2.9,0.47,0.533,0.8,0.9,0.822,1.1,1.9,3,0.7,0.6,0.1,0.5,2,7.2,,evansma01
0,Luc Mbah a Moute,22,MIL,PF,82,52,25.8,2.8,6,0.462,0,0,0,2.8,5.9,0.466,0.462,1.7,2.3,0.729,2.3,3.6,5.9,1.1,1.1,0.5,1.2,2.5,7.2,,mbahalu01
0,Roy Hibbert,22,IND,C,70,42,14.4,2.8,6,0.471,0,0,,2.8,6,0.471,0.471,1.4,2.1,0.667,1.6,1.8,3.5,0.7,0.3,1.1,0.8,3.1,7.1,,hibbero01
0,Glen Davis,23,BOS,C,76,16,21.5,2.6,5.9,0.442,0,0.1,0.4,2.6,5.9,0.443,0.444,1.7,2.3,0.73,1.6,2.4,4,0.9,0.7,0.3,0.9,3,7,,davisgl01
0,Wally Szczerbiak,31,CLE,SF,74,5,20.6,2.4,5.4,0.45,0.9,2.3,0.411,1.5,3.1,0.478,0.536,1.2,1.4,0.849,0.6,2.6,3.1,1.1,0.4,0.1,0.7,1.8,7,,szczewa02
0,Vladimir Radmanović,28,2TM,SF,78,31,18.5,2.5,6,0.421,1.3,3.4,0.401,1.2,2.6,0.446,0.533,0.6,0.7,0.741,0.6,2.3,2.8,1,0.6,0.2,1.3,1.4,6.9,,radmavl01
0,Steve Novak,25,LAC,PF,71,3,16.4,2.5,5.6,0.444,1.7,4,0.416,0.8,1.5,0.518,0.595,0.3,0.3,0.913,0.3,1.5,1.8,0.6,0.3,0.1,0.3,1,6.9,,novakst01
0,Rasho Nesterović,32,IND,C,70,19,17.3,3.2,6.2,0.513,0,0,0,3.2,6.2,0.514,0.513,0.4,0.5,0.781,1.3,2.1,3.4,1.6,0.4,0.5,0.9,2.4,6.8,,nestera01
0,Joakim Noah,23,CHI,C,80,55,24.2,2.6,4.7,0.556,0,0,0,2.6,4.6,0.558,0.556,1.5,2.3,0.676,3.1,4.5,7.6,1.3,0.6,1.4,1,3,6.7,,noahjo01
0,Joe Smith,33,2TM,C,57,3,19.3,2.7,5.8,0.468,0.1,0.1,0.429,2.7,5.7,0.469,0.473,1,1.4,0.72,1.6,3.1,4.6,0.7,0.3,0.7,0.4,2.1,6.6,,smithjo02
0,DeShawn Stevenson,27,WAS,SG,32,25,27.7,2.3,7.2,0.312,1.1,4,0.271,1.2,3.2,0.363,0.387,1,1.9,0.533,0.3,2,2.4,3.1,0.7,0.1,1,1.3,6.6,,stevede01
0,Earl Watson,29,OKC,PG,68,18,26.1,2.6,6.7,0.384,0.3,1.3,0.235,2.3,5.4,0.418,0.406,1.2,1.6,0.755,0.5,2.2,2.7,5.8,0.7,0.2,2.3,2,6.6,,watsoea01
0,JaVale McGee,21,WAS,C,75,14,15.2,2.5,5.2,0.494,0,0,,2.5,5.2,0.494,0.494,1.4,2.2,0.66,1.6,2.3,3.9,0.3,0.4,1,0.8,2.1,6.5,,mcgeeja01
0,Chris Andersen,30,DEN,C,71,1,20.6,2.3,4.1,0.548,0,0.1,0.2,2.2,4,0.56,0.551,1.8,2.5,0.718,2.3,3.9,6.2,0.4,0.6,2.5,1,2.5,6.4,DPOY-96MOY-8,anderch01
0,Samuel Dalembert,27,PHI,C,82,82,24.8,2.6,5.3,0.498,0,0,0,2.6,5.3,0.5,0.498,1.1,1.5,0.734,2.6,5.9,8.5,0.2,0.4,1.8,1.4,3,6.4,,dalemsa01
0,Ricky Davis,29,LAC,SG,36,9,21.8,2.3,6.8,0.339,1,3.1,0.315,1.3,3.7,0.358,0.41,0.9,1,0.861,0.3,1.4,1.7,2.3,0.5,0.1,1.1,1.8,6.4,,davisri01
0,Jordan Farmar,22,LAL,PG,65,0,18.3,2.5,6.3,0.391,0.8,2.2,0.336,1.7,4.1,0.421,0.45,0.7,1.2,0.584,0.3,1.5,1.8,2.4,0.9,0.2,1.3,1.6,6.4,,farmajo01
0,Corey Brewer,22,MIN,SF,15,8,20.5,2.5,6,0.411,0.3,0.8,0.417,2.1,5.2,0.41,0.439,0.9,1.3,0.737,1.2,2.1,3.3,1.7,1,0.2,0.9,2.5,6.2,,breweco01
0,Zaza Pachulia,24,ATL,C,77,26,19.1,2.1,4.2,0.497,0,0,0,2.1,4.1,0.502,0.497,2.1,3,0.709,2.2,3.4,5.7,0.7,0.5,0.3,1.2,2.7,6.2,,pachuza01
0,Jeff Foster,32,IND,C,74,26,24.7,2.4,4.8,0.501,0,0.1,0.286,2.4,4.7,0.506,0.504,1.3,2,0.658,2.9,4,6.9,1.8,0.7,0.7,1.2,3.1,6.1,,fosteje01
0,Danilo Gallinari,20,NYK,SG,28,2,14.7,2,4.5,0.448,1.1,2.6,0.444,0.9,1.9,0.453,0.576,0.9,1,0.963,0.5,1.5,2,0.5,0.5,0.1,0.5,1.7,6.1,,gallida01
0,JJ Redick,24,ORL,SG,64,5,17.4,1.8,4.7,0.391,1,2.8,0.374,0.8,1.9,0.417,0.503,1.3,1.5,0.871,0.1,1.6,1.7,1.1,0.3,0,0.8,1.1,6,,redicjj01
0,Thabo Sefolosha,24,2TM,SF,66,36,22,2.3,5.4,0.426,0.4,1.3,0.276,1.9,4.1,0.474,0.459,0.9,1.1,0.836,0.8,2.8,3.7,1.7,1.1,0.7,1,1.6,5.9,,sefolth01
0,Shaun Livingston,23,2TM,PG,12,1,19.3,2.6,5,0.517,0,0,,2.6,5,0.517,0.517,0.8,0.8,0.9,0.3,2.1,2.3,1.7,0.6,0.2,0.8,1,5.9,,livinsh01
0,Ronny Turiaf,26,GSW,C,79,26,21.5,2.4,4.6,0.508,0,0,0,2.4,4.6,0.512,0.508,1.2,1.6,0.79,1.1,3.4,4.6,2.1,0.4,2.1,0.9,3.1,5.9,DPOY-15,turiaro01
0,Jason Maxiell,25,DET,C,78,4,18.1,2.4,4.1,0.575,0,0,0,2.4,4.1,0.577,0.575,1.1,2,0.532,2.2,2,4.2,0.3,0.3,0.8,0.6,2,5.8,,maxieja01
0,Sasha Vujačić,24,LAL,SG,80,0,16.2,1.9,5,0.387,1,2.8,0.363,0.9,2.2,0.416,0.488,0.9,1,0.921,0.2,1.5,1.7,1.4,1,0.1,0.4,1.9,5.8,,vujacsa01
0,Erick Dampier,33,DAL,C,80,80,23,2.3,3.5,0.65,0,0,,2.3,3.5,0.65,0.65,1.1,1.8,0.638,2.7,4.4,7.1,1,0.3,1.2,0.9,2.4,5.7,,dampier01
0,George Hill,22,SAS,PG,77,7,16.5,1.9,4.8,0.403,0.3,0.9,0.329,1.6,3.9,0.421,0.435,1.5,1.9,0.781,0.4,1.7,2.1,1.8,0.6,0.3,1,1.9,5.7,,hillge01
0,Mike Taylor,23,LAC,PG,51,5,15.1,2.2,5.2,0.412,0.3,0.8,0.325,1.9,4.5,0.427,0.436,1.1,1.6,0.691,0.4,1.3,1.7,2.1,0.7,0,1.4,1.6,5.7,,taylomi01
0,Keith Bogans,28,2TM,SG,65,15,19.6,1.8,5,0.367,1.1,3.4,0.339,0.7,1.6,0.425,0.481,0.8,0.9,0.912,0.5,2.6,3.1,1,0.7,0.1,0.6,1.6,5.6,,boganke01
0,Darrell Arthur,20,MEM,PF,76,64,19.3,2.5,5.7,0.438,0,0,0,2.5,5.7,0.44,0.438,0.5,0.8,0.667,1.4,3.1,4.6,0.6,0.7,0.7,0.6,2.7,5.6,,arthuda01
0,Jared Dudley,23,2TM,SF,68,7,17,2,4.2,0.477,0.4,1.1,0.392,1.6,3.1,0.507,0.528,1,1.5,0.676,1.2,1.8,3,0.8,0.8,0.1,0.6,1.5,5.5,,dudleja01
0,Darko Miličić,23,MEM,C,61,15,17,2.2,4.4,0.515,0,0,,2.2,4.4,0.515,0.515,1,1.7,0.562,1.4,3,4.3,0.6,0.4,0.8,0.8,2.2,5.5,,milicda01
0,Joel Przybilla,29,POR,C,82,43,23.8,2,3.3,0.625,0,0,0,2,3.3,0.627,0.625,1.4,2.1,0.663,2.5,6.3,8.7,0.3,0.4,1.2,1,2.6,5.5,DPOY-16,przybjo01
0,Nicolas Batum,20,POR,SF,79,76,18.4,2,4.6,0.446,0.8,2.1,0.369,1.3,2.4,0.513,0.532,0.5,0.7,0.808,1.1,1.7,2.8,0.9,0.6,0.5,0.6,1.8,5.4,ROY-13,batumni01
0,Stephen Graham,26,IND,SG,52,6,13.2,2,4.9,0.414,0.4,1.3,0.303,1.7,3.7,0.453,0.453,1,1.2,0.806,0.4,1.4,1.8,0.6,0.2,0.1,0.9,1.6,5.4,,grahast01
0,Dahntay Jones,28,DEN,SG,79,71,18.1,1.9,4.3,0.458,0.1,0.2,0.647,1.8,4,0.448,0.475,1.4,1.9,0.728,0.7,1.4,2.1,1,0.6,0.2,0.9,2.5,5.4,,jonesda02
0,Bobby Brown,24,2TM,PG,68,2,13.7,2.1,5.3,0.392,0.7,1.9,0.346,1.4,3.4,0.417,0.454,0.5,0.6,0.791,0.2,0.6,0.8,1.7,0.3,0,0.9,1.4,5.3,,brownbo02
0,Anthony Carter,33,DEN,PG,78,5,22.9,2.1,4.9,0.433,0.3,1.1,0.239,1.9,3.8,0.49,0.46,0.7,1,0.731,0.5,2.1,2.6,4.7,1.2,0.2,2,1.8,5.3,,cartean01
0,Jared Jeffries,27,NYK,SF,56,36,23.4,2.1,4.9,0.44,0,0.2,0.083,2.1,4.7,0.456,0.441,1,1.6,0.611,2.3,1.8,4.1,1.4,0.8,0.6,1.2,2.7,5.3,,jeffrja01
0,Anthony Johnson,34,ORL,PG,80,12,18.5,1.9,4.8,0.404,0.7,1.7,0.391,1.3,3.1,0.411,0.472,0.8,1,0.753,0.4,1.5,1.8,2.5,0.6,0.1,1,1.4,5.3,,johnsan02
0,Kyle Weaver,22,OKC,SG,56,19,20.8,2,4.4,0.459,0.6,1.7,0.344,1.4,2.7,0.529,0.524,0.7,1,0.707,0.6,1.8,2.3,1.8,0.8,0.4,1.2,1.4,5.3,,weaveky01
0,Damien Wilkins,29,OKC,SG,41,14,15.5,1.9,5.2,0.362,0.7,1.8,0.375,1.2,3.4,0.355,0.425,0.9,1.1,0.804,0.5,1.2,1.7,0.9,0.5,0.2,0.9,1.3,5.3,,wilkida02
0,Mardy Collins,24,2TM,PG,48,14,18.5,2.2,5.1,0.425,0.3,0.6,0.419,1.9,4.5,0.426,0.451,0.6,1,0.609,0.6,1.6,2.2,2.3,0.6,0.2,1.2,1.7,5.2,,collima01
0,Devin Brown,30,NOH,SG,63,5,13.8,1.8,5,0.355,0.4,1.5,0.289,1.3,3.4,0.384,0.399,1.2,1.6,0.78,0.5,1.4,1.9,0.9,0.5,0.1,0.9,1.3,5.2,,brownde02
0,Juan Dixon,30,WAS,PG,50,6,16.3,2,5.1,0.395,0.5,1.5,0.333,1.5,3.6,0.42,0.443,0.7,0.8,0.872,0.2,1.2,1.3,2.4,0.7,0.1,1.4,1.5,5.2,,dixonju01
0,Gerald Green,23,DAL,SG,38,12,9.9,2.1,4.7,0.439,0.4,1.2,0.304,1.7,3.5,0.485,0.478,0.7,0.8,0.844,0.4,1.1,1.4,0.4,0.3,0.1,0.9,1.3,5.2,,greenge01
0,Chris Quinn,25,MIA,PG,66,0,14.6,1.8,4.4,0.408,0.8,2.1,0.409,0.9,2.3,0.408,0.505,0.7,0.9,0.81,0.1,1,1.1,2,0.4,0,0.5,1.2,5.1,,quinnch01
0,James Singleton,27,DAL,PF,62,6,14.3,1.9,3.6,0.529,0.2,0.6,0.325,1.7,2.9,0.575,0.559,1.1,1.3,0.859,1.4,2.6,4,0.3,0.4,0.5,0.6,1.8,5.1,,singlja01
0,Javaris Crittenton,21,2TM,SG,63,10,18.6,2.1,4.5,0.46,0,0.2,0.133,2,4.3,0.478,0.463,0.8,1.5,0.576,0.9,1.7,2.6,2.4,0.6,0.1,1.3,1.6,5,,crittja01
0,Pops Mensah-Bonsu,25,2TM,PF,22,0,12.9,1.8,4.7,0.379,0,0.1,0,1.8,4.6,0.386,0.379,1.5,2.2,0.688,2.5,2.6,5.1,0.3,0.4,0.2,0.9,2,5,,mensapo01
0,Renaldo Balkman,24,DEN,PF,53,10,14.7,2.1,3.7,0.558,0,0.1,0.286,2,3.6,0.568,0.563,0.8,1.2,0.646,1.6,2.2,3.8,0.6,0.9,0.4,0.7,1.8,5,,balkmre01
0,Will Solomon,30,2TM,PG,53,9,13.4,2,4.6,0.429,0.5,1.6,0.326,1.5,3,0.484,0.486,0.5,0.6,0.735,0.2,1,1.2,2.5,0.5,0.1,1,1.3,5,,solomwi01
0,Luke Walton,28,LAL,SF,65,34,17.9,2.1,4.7,0.436,0.3,0.9,0.298,1.8,3.8,0.468,0.464,0.6,0.9,0.719,0.8,1.9,2.8,2.7,0.5,0.2,1.1,1.6,5,,waltolu01
0,Arron Afflalo,23,DET,SG,74,8,16.7,1.8,4.1,0.437,0.6,1.4,0.402,1.2,2.6,0.456,0.508,0.8,1,0.817,0.4,1.4,1.8,0.6,0.4,0.2,0.6,1.9,4.9,,afflaar01
0,Chris Douglas-Roberts,22,NJN,SG,44,3,13.3,1.8,4,0.46,0.1,0.3,0.25,1.8,3.7,0.476,0.469,1.2,1.4,0.823,0.3,0.8,1.1,1.2,0.3,0.2,0.7,0.8,4.9,,douglch01
0,Hilton Armstrong,24,NOH,C,70,29,15.6,2,3.5,0.561,0,0,0,2,3.5,0.566,0.561,0.9,1.4,0.633,1.2,1.6,2.8,0.4,0.4,0.6,1.1,2.6,4.8,,armsthi01
0,Tony Battie,32,ORL,PF,77,3,15.6,2.1,4.2,0.489,0,0.1,0.222,2,4.1,0.497,0.492,0.7,1.1,0.659,1.2,2.4,3.6,0.4,0.3,0.3,0.6,1.5,4.8,,battito01
0,Dontell Jefferson,25,CHA,SG,6,0,14,1.8,3.7,0.5,0.2,0.3,0.5,1.7,3.3,0.5,0.523,1,1.5,0.667,0.2,1.8,2,1.5,0.7,0.2,1,1.5,4.8,,jeffedo01
0,Luther Head,26,2TM,PG,32,4,15.6,1.7,4.5,0.382,0.6,1.7,0.37,1.1,2.8,0.389,0.451,0.6,0.8,0.792,0.2,1.4,1.6,1.8,0.5,0.1,0.8,1.2,4.7,,headlu01
0,Joe Alexander,22,MIL,SF,59,0,12.1,1.7,4.2,0.416,0.3,0.8,0.348,1.5,3.4,0.432,0.449,1,1.4,0.699,0.7,1.2,1.9,0.7,0.3,0.5,0.9,1.8,4.7,,alexajo01
0,Kosta Koufos,19,UTA,C,48,7,11.8,2,3.9,0.508,0,0,,2,3.9,0.508,0.508,0.8,1.1,0.706,1,1.8,2.9,0.4,0.3,0.6,0.5,1.5,4.7,,koufoko01
0,Sasha Pavlović,25,CLE,SF,66,12,16,1.8,4.2,0.422,0.7,1.8,0.41,1,2.4,0.43,0.509,0.4,0.8,0.463,0.5,1.5,1.9,1.1,0.3,0.2,0.7,1.8,4.6,,pavloal01
0,Alando Tucker,24,PHO,SG,30,1,9.4,1.7,4,0.43,0.3,0.8,0.348,1.5,3.3,0.449,0.463,0.9,1.1,0.788,0.6,0.4,1,0.4,0.2,0,0.5,0.5,4.6,,tuckeal02
0,Joe Crawford,22,NYK,SF,2,0,11.5,1.5,5,0.3,0.5,2,0.25,1,3,0.333,0.35,1,1,1,0.5,1.5,2,0.5,0.5,0,0,1,4.5,,crawfjo01
0,Goran Dragić,22,PHO,PG,55,1,13.2,1.6,4.1,0.393,0.4,1,0.37,1.2,3.1,0.4,0.438,0.9,1.2,0.769,0.6,1.3,1.9,2,0.5,0.1,1.3,1.6,4.5,,dragigo01
0,Dominic McGuire,23,WAS,SF,79,57,26.2,1.8,4.1,0.432,0,0.1,0.5,1.7,4.1,0.431,0.435,0.9,1.3,0.725,1.4,4,5.4,2.5,0.8,0.9,1.2,1.9,4.5,,mcguido01
0,Sergio Rodríguez,22,POR,PG,80,13,15.3,1.6,4.1,0.392,0.5,1.4,0.325,1.2,2.7,0.428,0.448,0.8,1,0.792,0.5,1.1,1.6,3.6,0.7,0,1.5,1.7,4.5,,rodrise01
0,Matt Harpring,32,UTA,SG,63,2,11,1.8,3.8,0.461,0,0,0,1.8,3.8,0.464,0.461,0.9,1.1,0.764,0.7,1.2,2,0.4,0.5,0.1,0.5,1.6,4.4,,harprma01
0,Morris Peterson,31,NOH,SG,43,9,12,1.7,4.3,0.399,0.8,2,0.388,0.9,2.3,0.408,0.489,0.3,0.4,0.632,0.3,1.7,2,0.4,0.3,0,0.3,1.2,4.4,,petermo01
0,Julian Wright,21,NOH,SF,54,19,14.3,2,4.3,0.466,0,0.4,0.095,2,3.9,0.502,0.47,0.3,0.6,0.567,0.9,2,2.8,0.8,0.6,0.4,0.8,0.9,4.4,,wrighju01
0,Quincy Douby,24,2TM,PG,27,0,11.1,1.6,4.1,0.382,0.5,1.7,0.304,1,2.4,0.438,0.445,0.6,0.7,0.895,0.2,1,1.2,0.9,0.2,0.2,0.5,1,4.3,,doubyqu01
0,Jerryd Bayless,20,POR,PG,53,0,12.4,1.3,3.6,0.365,0.1,0.5,0.259,1.2,3.1,0.383,0.384,1.6,1.9,0.806,0.2,0.9,1.1,1.5,0.3,0,1.1,1.5,4.3,,bayleje01
0,Desmon Farmer,27,SAS,SG,3,0,18,1.3,4.7,0.286,1,4,0.25,0.3,0.7,0.5,0.393,0.7,0.7,1,0,2,2,0.7,0,0,1.3,2,4.3,,farmede01
0,DeAndre Jordan,20,LAC,C,53,13,14.5,1.8,2.8,0.633,0,0,,1.8,2.8,0.633,0.633,0.8,2.1,0.385,1.4,3.1,4.5,0.2,0.2,1.1,0.8,1.8,4.3,,jordade01
0,Kurt Thomas,36,SAS,PF,79,10,17.8,1.9,3.8,0.503,0,0,0,1.9,3.8,0.507,0.503,0.5,0.6,0.822,1.7,3.4,5.1,0.8,0.4,0.7,0.5,2.2,4.3,,thomaku01
0,Ime Udoka,31,SAS,SF,67,3,15.4,1.6,4.3,0.383,0.6,1.9,0.328,1,2.4,0.426,0.455,0.4,0.7,0.609,0.4,2.4,2.8,0.8,0.5,0.2,0.6,1.3,4.3,,udokaim01
0,Shannon Brown,23,2TM,SG,48,0,9.9,1.6,3.4,0.473,0.3,0.8,0.378,1.3,2.7,0.5,0.515,0.7,0.8,0.821,0.2,0.7,0.9,0.8,0.5,0.1,0.8,0.9,4.2,,brownsh01
0,Tyronn Lue,31,2TM,PG,44,0,11.8,1.6,3.7,0.438,0.6,1.4,0.435,1,2.3,0.44,0.522,0.3,0.4,0.737,0.1,0.9,1,1.4,0.2,0,0.5,1.2,4.2,,luety01
0,Lou Amundson,26,PHO,PF,76,0,13.7,1.8,3.3,0.536,0,0,0,1.8,3.3,0.538,0.536,0.7,1.6,0.442,1.7,1.9,3.6,0.4,0.4,0.9,0.7,2,4.2,,amundlo01
0,Josh Boone,24,NJN,C,62,7,16,1.8,3.5,0.528,0,0,,1.8,3.5,0.528,0.528,0.5,1.4,0.376,1.7,2.5,4.2,0.5,0.4,0.8,0.5,1.7,4.2,,boonejo01
0,Kwame Brown,26,DET,C,58,30,17.2,1.6,2.9,0.533,0,0,,1.6,2.9,0.533,0.533,1.1,2.1,0.516,1.6,3.4,5,0.6,0.4,0.4,0.9,2.4,4.2,,brownkw01
0,Channing Frye,25,POR,PF,63,1,11.8,1.8,4.2,0.423,0.2,0.5,0.333,1.6,3.7,0.436,0.444,0.4,0.6,0.722,0.7,1.6,2.2,0.4,0.3,0.3,0.5,1.7,4.2,,fryech01
0,James Jones,28,MIA,SF,40,1,15.8,1.4,3.7,0.369,0.8,2.4,0.344,0.6,1.3,0.415,0.48,0.7,0.8,0.839,0.3,1.3,1.6,0.5,0.3,0.4,0.3,1.5,4.2,,jonesja02
0,Josh Powell,26,LAL,PF,60,1,11.7,1.8,4,0.444,0,0,,1.8,4,0.444,0.444,0.6,0.8,0.76,1.2,1.8,2.9,0.5,0.2,0.3,0.9,1.6,4.2,,poweljo01
0,Brian Skinner,32,LAC,PF,51,21,16.5,1.8,4,0.449,0,0,0,1.8,4,0.453,0.449,0.6,0.9,0.638,1.4,2.6,4,0.5,0.3,1,0.8,1.8,4.2,,skinnbr01
0,Jerry Stackhouse,34,DAL,SG,10,1,16.2,1.6,6,0.267,0.3,1.9,0.158,1.3,4.1,0.317,0.292,0.7,0.7,1,0.5,1.2,1.7,1.2,0.4,0.1,0.9,0.6,4.2,,stackje01
0,Roko Ukić,24,TOR,PG,72,0,12.4,1.7,4.5,0.38,0.2,0.9,0.177,1.6,3.6,0.427,0.397,0.6,0.8,0.733,0.4,0.7,1,2.1,0.4,0,0.8,1.1,4.2,,ukicro01
0,Ike Diogu,25,2TM,PF,29,1,7.4,1.3,2.6,0.527,0,0.1,0.5,1.3,2.5,0.528,0.534,1.4,1.8,0.755,0.9,1,1.9,0.1,0.1,0.1,0.4,0.8,4.1,,dioguik01
0,Antonio Daniels,33,2TM,PG,74,9,13.8,1.3,3.2,0.419,0.3,0.8,0.367,1,2.4,0.438,0.466,1.1,1.4,0.8,0.1,1,1,2.4,0.4,0,0.8,0.7,4.1,,daniean01
0,Shelden Williams,25,2TM,PF,45,0,11.4,1.6,3.5,0.446,0,0,0,1.6,3.4,0.452,0.446,1,1.4,0.73,1.1,2.3,3.4,0.3,0.5,0.4,0.8,1.4,4.1,,willish02
0,Anthony Roberson,25,2TM,PG,29,0,9.5,1.5,4.1,0.367,0.9,2.8,0.321,0.6,1.3,0.462,0.475,0.2,0.2,1,0.2,0.6,0.8,0.7,0.3,0,0.3,0.6,4.1,,roberan02
0,Juwan Howard,35,2TM,SF,42,2,11.2,1.8,3.5,0.51,0,0,,1.8,3.5,0.51,0.51,0.5,0.8,0.676,0.7,1.1,1.8,0.6,0.2,0.1,0.6,1.7,4.1,,howarju01
0,DeMarcus Nelson,23,GSW,PG,13,5,13.2,1.8,4.2,0.444,0,0.2,0,1.8,3.9,0.471,0.444,0.4,1.1,0.357,0.5,1.4,1.8,1,0.7,0.2,1.2,1.8,4.1,,nelsode01
0,Adam Morrison,24,2TM,SF,52,5,13.7,1.5,4.3,0.359,0.6,1.8,0.333,0.9,2.4,0.378,0.43,0.3,0.4,0.739,0.3,1.2,1.5,0.8,0.2,0.1,0.6,1.5,4,,morriad01
0,Mark Blount,33,MIA,C,20,0,10.4,1.5,3.9,0.385,0.6,1.4,0.407,1,2.6,0.373,0.455,0.4,0.7,0.615,0.5,1.6,2.1,0.2,0.1,0.4,0.7,0.9,4,,blounma01
0,Paul Davis,24,LAC,PF,27,1,11.9,1.5,3.6,0.408,0,0,0,1.5,3.6,0.412,0.408,1,1.3,0.794,1,1.4,2.5,0.4,0.4,0.1,0.5,1.6,4,,davispa01
0,Dan Gadzuric,30,MIL,C,67,26,14,1.7,3.6,0.48,0,0,0,1.7,3.6,0.483,0.48,0.6,1,0.544,1.4,2.4,3.8,0.6,0.5,0.6,0.6,2.4,4,,gadzuda01
0,J.J. Hickson,20,CLE,C,62,0,11.4,1.6,3.1,0.515,0,0,,1.6,3.1,0.515,0.515,0.7,1.1,0.672,0.8,1.8,2.7,0.1,0.2,0.5,0.7,1.3,4,,hicksjj01
0,Kevin Ollie,36,MIN,PG,50,21,17,1.2,3,0.407,0,0,0,1.2,3,0.409,0.407,1.6,1.9,0.833,0.3,1.2,1.5,2.3,0.4,0.1,0.7,1.6,4,,ollieke01
0,Ronnie Price,25,UTA,PG,52,17,14.2,1.5,3.9,0.379,0.4,1.2,0.311,1.1,2.7,0.408,0.426,0.7,0.9,0.756,0.2,1.1,1.3,2.1,0.8,0.1,1.2,1.4,4,,pricero01
0,Mikki Moore,33,2TM,C,70,20,17.2,1.6,2.9,0.553,0,0,,1.6,2.9,0.553,0.553,0.7,0.9,0.787,1.1,2.6,3.7,0.8,0.2,0.3,0.7,3,3.9,,mooremi01
0,Kris Humphries,23,TOR,SF,29,0,9.1,1.3,3.1,0.422,0,0,,1.3,3.1,0.422,0.422,1.3,1.7,0.792,0.8,1.6,2.4,0.3,0.3,0.2,0.3,1.1,3.9,,humphkr01
0,Rob Kurz,23,GSW,PF,40,5,11.1,1.3,3.3,0.389,0.4,1,0.395,0.9,2.3,0.387,0.447,1,1.3,0.8,0.8,1.2,2,0.5,0.4,0.5,0.4,2,3.9,,kurzro01
0,Sean May,24,CHA,PF,24,12,12.5,1.6,4.1,0.398,0,0,1,1.6,4,0.392,0.403,0.6,0.8,0.7,0.8,2,2.9,0.4,0.2,0.2,1.1,1.3,3.9,,mayse01
0,Quinton Ross,27,MEM,SF,68,7,17.1,1.5,3.8,0.382,0.5,1.3,0.375,1,2.5,0.386,0.446,0.5,0.6,0.81,0.4,1.4,1.9,0.7,0.5,0.2,0.5,1.7,3.9,,rossqu01
0,Marcin Gortat,24,ORL,PF,63,3,12.6,1.7,3,0.567,0,0,1,1.7,3,0.565,0.57,0.4,0.7,0.578,1.5,3,4.5,0.2,0.3,0.8,0.4,1.8,3.8,,gortama01
0,Donté Greene,20,SAC,SF,55,4,13.2,1.4,4.3,0.326,0.5,1.8,0.26,0.9,2.5,0.375,0.381,0.5,0.6,0.853,0.3,1.2,1.6,0.5,0.3,0.3,0.7,1.2,3.8,,greendo01
0,Walter Herrmann,29,DET,SF,59,0,10.7,1.4,3.5,0.396,0.7,2,0.342,0.7,1.5,0.471,0.495,0.3,0.4,0.76,0.5,1.3,1.8,0.4,0.1,0.1,0.3,0.7,3.8,,herrmwa01
0,Stephon Marbury,31,BOS,PG,23,4,18,1.7,4.8,0.342,0.3,1.1,0.24,1.4,3.7,0.372,0.369,0.3,0.6,0.462,0.1,1.1,1.2,3.3,0.4,0.1,1.6,1.5,3.8,,marbust01
0,Donyell Marshall,35,PHI,PF,25,0,7.6,1.3,2.9,0.452,1,2.2,0.455,0.3,0.7,0.444,0.623,0.1,0.2,0.5,0.2,1.4,1.6,0.6,0.2,0.2,0.2,1,3.8,,marshdo01
0,Morris Almond,23,UTA,SG,25,1,10.2,1.3,3.2,0.407,0.2,0.7,0.294,1.1,2.6,0.438,0.438,0.8,1,0.808,0.4,1.1,1.4,0.3,0.2,0.2,0.6,1.2,3.7,,almonmo01
0,Brent Barry,37,HOU,SG,56,1,15.3,1.3,3.1,0.407,0.9,2.3,0.374,0.4,0.7,0.512,0.549,0.3,0.4,0.95,0.3,1.4,1.7,1.4,0.4,0.1,0.9,0.8,3.7,,barrybr01
0,Travis Diener,26,IND,PG,55,0,13.1,1.3,3.3,0.413,0.8,2.1,0.39,0.5,1.1,0.459,0.542,0.2,0.3,0.8,0.1,1.5,1.6,2.2,0.5,0.1,0.4,0.8,3.7,,dienetr01
0,Trenton Hassell,29,NJN,SF,53,31,20.6,1.6,3.6,0.45,0,0.2,0.25,1.6,3.5,0.459,0.455,0.4,0.5,0.8,0.9,1.8,2.8,1,0.4,0.3,0.6,1.7,3.7,,hassetr01
0,Oleksiy Pecherov,23,WAS,C,32,0,8.7,1.2,3.2,0.386,0.4,1.3,0.326,0.8,1.8,0.431,0.455,0.8,0.9,0.828,1.1,1.3,2.4,0.1,0.2,0.1,0.3,1.1,3.6,,pecheol01
0,Aaron Gray,24,CHI,C,56,18,12.8,1.4,3,0.485,0,0,0,1.4,3,0.488,0.485,0.6,1.1,0.576,1.5,2.4,3.9,0.8,0.3,0.3,0.7,2.4,3.5,,grayaa01
0,Amir Johnson,21,DET,PF,62,24,14.7,1.6,2.6,0.595,0,0,,1.6,2.6,0.595,0.595,0.4,0.6,0.657,1.6,2.1,3.7,0.3,0.3,1,0.5,2.8,3.5,,johnsam01
0,Darius Miles,27,MEM,SF,34,0,8.8,1.4,2.9,0.485,0,0.2,0.167,1.4,2.7,0.505,0.49,0.7,0.9,0.742,0.6,1.1,1.7,0.5,0.3,0.6,0.6,0.9,3.5,,milesda01
0,Brian Scalabrine,30,BOS,C,39,8,12.9,1.2,2.9,0.421,0.6,1.6,0.393,0.6,1.4,0.453,0.526,0.4,0.5,0.889,0.2,1.1,1.3,0.5,0.2,0.3,0.3,1.9,3.5,,scalabr01
0,Malik Rose,34,2TM,PF,38,0,12.4,1.2,3.4,0.344,0,0.2,0,1.2,3.3,0.363,0.344,1.1,1.3,0.784,0.4,2.1,2.5,0.9,0.3,0.1,0.9,1.9,3.4,,rosema01
0,Yakhouba Diawara,26,MIA,SF,63,21,13.5,1.2,3.4,0.35,0.8,2.6,0.313,0.4,0.9,0.463,0.468,0.2,0.3,0.526,0.4,0.9,1.3,0.4,0.2,0.1,0.3,1.2,3.4,,diawaya01
0,Francisco Elson,32,MIL,C,59,23,16.6,1.4,2.9,0.491,0,0.1,0.25,1.4,2.8,0.497,0.494,0.6,0.7,0.846,1.7,2.2,3.9,0.5,0.6,0.6,0.8,2.4,3.4,,elsonfr01
0,Devean George,31,DAL,SF,43,17,16.5,1.3,3.3,0.38,0.5,1.8,0.289,0.7,1.5,0.485,0.458,0.4,0.5,0.773,0.6,1.2,1.8,0.3,0.5,0.3,0.4,1.3,3.4,,georgde01
0,Johan Petro,23,2TM,C,49,22,11.4,1.5,3.6,0.415,0,0,0,1.5,3.6,0.42,0.415,0.3,0.6,0.552,0.9,2.4,3.2,0.3,0.4,0.3,0.6,2.2,3.3,,petrojo01
0,Stromile Swift,29,2TM,PF,19,0,9.7,1.3,2.9,0.429,0.1,0.1,1,1.2,2.9,0.418,0.438,0.7,1.4,0.5,0.8,1.6,2.4,0.2,0.2,0.4,0.8,2.1,3.3,,swiftst01
0,Mouhamed Sene,22,2TM,C,6,0,4.8,1,1.5,0.667,0,0,,1,1.5,0.667,0.667,1.3,1.7,0.8,0.8,1.5,2.3,0,0.2,0.5,0.7,0.3,3.3,,senesa01
0,Reggie Evans,28,PHI,PF,79,7,14.4,1,2.3,0.444,0,0,0,1,2.2,0.446,0.444,1.3,2.2,0.594,1.7,2.9,4.6,0.3,0.5,0.1,0.9,2,3.3,,evansre01
0,Malik Hairston,21,SAS,SG,15,0,10.3,1.6,3.3,0.49,0,0.1,0,1.6,3.2,0.5,0.49,0.1,0.5,0.286,0.7,1.1,1.9,0.9,0.4,0.5,0.8,1.3,3.3,,hairsma01
0,Robert Swift,23,OKC,C,26,10,13.2,1.4,2.7,0.521,0,0,,1.4,2.7,0.521,0.521,0.5,0.6,0.75,0.8,2.6,3.4,0.3,0.2,0.7,0.3,1.9,3.3,,swiftro01
0,Ryan Hollins,24,2TM,C,45,3,9.9,1.1,2.1,0.532,0,0,,1.1,2.1,0.532,0.532,1,1.6,0.597,1,1.1,2.2,0.2,0.2,0.7,0.5,1.7,3.2,,holliry01
0,Malik Allen,30,MIL,PF,49,3,11.8,1.5,3.5,0.429,0,0,0,1.5,3.4,0.432,0.429,0.2,0.4,0.476,0.7,1.4,2.1,0.7,0.1,0.2,0.4,1.8,3.2,,allenma01
0,Robin Lopez,20,PHO,C,60,7,10.2,1.2,2.3,0.518,0,0,0,1.2,2.3,0.522,0.518,0.8,1.1,0.691,0.9,1.1,2,0.1,0.2,0.7,0.5,1.6,3.2,ROY-9,lopezro01
0,Sean Marks,33,NOH,C,60,5,14,1.3,2.8,0.485,0,0.2,0.2,1.3,2.6,0.503,0.491,0.5,0.7,0.682,1,2.1,3.1,0.2,0.1,0.6,0.6,2,3.2,,marksse01
0,Melvin Ely,30,NOH,C,31,4,12,1.2,3.1,0.389,0,0,,1.2,3.1,0.389,0.389,0.7,1.2,0.639,1,1.1,2.1,0.6,0.1,0.3,0.7,1.9,3.1,,elyme01
0,Jeremy Richardson,24,ORL,SF,12,0,7.8,1.2,4.1,0.286,0.5,1.4,0.353,0.7,2.7,0.25,0.347,0.3,0.5,0.5,0.1,1.1,1.2,0.3,0,0,0.3,0.5,3.1,,richaje01
0,Etan Thomas,30,WAS,C,26,7,11.8,1.2,2.5,0.485,0,0,,1.2,2.5,0.485,0.485,0.6,0.9,0.696,1,1.6,2.5,0.2,0.1,0.7,0.7,1.3,3.1,,thomaet01
0,Courtney Sims,25,2TM,C,2,0,6.5,1.5,3,0.5,0,0,,1.5,3,0.5,0.5,0,0,,1,1,2,0,0,0,0.5,0.5,3,,simsco01
0,Matt Carroll,28,2TM,SG,55,10,11.2,1.2,3.1,0.38,0.2,1,0.245,0.9,2.1,0.441,0.418,0.4,0.5,0.84,0.1,1.1,1.3,0.5,0.4,0.1,0.6,1.2,3,,carroma01
0,Chucky Atkins,34,2TM,PG,33,0,12.5,1,3.4,0.301,0.5,1.7,0.263,0.6,1.7,0.339,0.367,0.5,0.5,0.938,0.2,0.6,0.7,1.8,0.3,0.1,0.7,0.8,3,,atkinch01
0,Brian Cardinal,31,MIN,PF,64,4,14.2,1,2.6,0.385,0.5,1.4,0.326,0.5,1.2,0.455,0.473,0.5,0.5,0.857,0.6,1.6,2.2,1.2,0.6,0.2,0.8,2.1,3,,cardibr01
0,Jermareo Davidson,24,GSW,SF,14,0,7.9,1.2,2.5,0.486,0,0,,1.2,2.5,0.486,0.486,0.6,1.2,0.471,0.7,1.7,2.4,0.1,0.1,0.2,0.4,0.9,3,,davidje01
0,Royal Ivey,27,PHI,SG,71,0,12.1,1,2.9,0.332,0.5,1.6,0.342,0.4,1.3,0.319,0.425,0.5,0.6,0.791,0.3,0.8,1.1,0.6,0.5,0.1,0.3,1.1,3,,iveyro01
0,Jerome James,33,NYK,C,2,0,5,1.5,4,0.375,0,0,,1.5,4,0.375,0.375,0,0,,0.5,1,1.5,0,0.5,0.5,0.5,1,3,,jamesje01
0,Solomon Jones,24,ATL,C,63,0,10.7,1.1,1.8,0.604,0,0,0.5,1,1.7,0.606,0.608,0.8,1.2,0.716,0.8,1.4,2.3,0.2,0.1,0.5,0.4,2,3,,jonesso01
0,Henry Walker,21,BOS,SF,29,0,7.4,1.2,2,0.621,0,0,0,1.2,2,0.632,0.621,0.6,0.8,0.696,0.3,0.7,1,0.4,0.2,0.1,0.6,1.8,3,,walkebi01
0,Dorell Wright,23,MIA,SF,6,0,12.2,1.3,3.3,0.4,0,0,,1.3,3.3,0.4,0.4,0.3,1,0.333,0.3,3,3.3,0.3,0.3,0,1,1.3,3,,wrighdo01
0,Alex Acker,26,2TM,SG,25,0,8,1.2,3,0.395,0.3,0.8,0.35,0.9,2.2,0.411,0.441,0.2,0.4,0.5,0.3,0.6,1,0.5,0.2,0.2,0.3,0.4,2.9,,ackeral01
0,Austin Croshere,33,2TM,PF,14,0,7.1,1,2.8,0.359,0.4,1.1,0.333,0.6,1.7,0.375,0.423,0.5,0.9,0.583,0.8,1.6,2.4,0.6,0.1,0.1,0.4,0.4,2.9,,croshau01
0,Acie Law,24,ATL,PG,55,1,10.2,0.9,2.5,0.374,0.2,0.5,0.31,0.8,2,0.391,0.406,0.9,1.1,0.817,0.1,0.9,1.1,1.6,0.2,0.1,0.5,0.8,2.9,,lawac01
0,Jamaal Magloire,30,MIA,C,55,12,12.9,1.2,2.4,0.496,0,0,,1.2,2.4,0.496,0.496,0.5,1.1,0.483,1.5,2.5,4,0.4,0.2,0.5,0.6,2.2,2.9,,magloja01
0,Eduardo Nájera,32,NJN,PF,27,0,11.8,1.2,2.7,0.446,0.2,0.9,0.2,1,1.8,0.571,0.48,0.3,0.8,0.364,0.6,1.9,2.5,0.7,0.4,0.1,0.7,1.9,2.9,,najered01
0,Ben Wallace,34,CLE,PF,56,53,23.5,1.2,2.8,0.445,0,0,,1.2,2.8,0.445,0.445,0.5,1.1,0.422,2.4,4,6.5,0.8,0.9,1.3,0.6,1.5,2.9,,wallabe01
0,Shawne Williams,22,DAL,SF,15,0,11.3,1.1,3.7,0.286,0.1,1.1,0.059,1,2.6,0.385,0.295,0.6,0.7,0.818,1.3,1.8,3.1,0.1,0.1,0.6,0.3,1.3,2.8,,willish03
0,Blake Ahearn,24,SAS,PG,3,0,6.3,0.7,2,0.333,0.7,1.3,0.5,0,0.7,0,0.5,0.7,0.7,1,0,0.3,0.3,0.7,0.3,0,0.3,1,2.7,,ahearbl01
0,Bruce Bowen,37,SAS,SF,80,10,18.8,1,2.3,0.422,0.5,1.2,0.429,0.5,1.1,0.416,0.535,0.2,0.3,0.538,0.2,1.6,1.8,0.5,0.5,0.2,0.3,1.5,2.7,,bowenbr01
0,D.J. Mbenga,28,LAL,C,23,0,7.9,1.2,2.5,0.474,0,0,0,1.2,2.4,0.482,0.474,0.3,0.3,0.875,0.4,1,1.3,0.4,0.4,1,0.6,1.4,2.7,,mbengdj01
0,Nazr Mohammed,31,CHA,C,39,1,8.7,1.1,2.6,0.406,0,0,,1.1,2.6,0.406,0.406,0.6,1,0.55,0.9,1.1,2,0.2,0.1,0.4,0.6,1.6,2.7,,mohamna01
0,Anthony Tolliver,23,SAS,PF,19,0,10.9,1,3.4,0.292,0.5,2.2,0.22,0.5,1.3,0.417,0.362,0.3,0.5,0.5,0.6,1.5,2.2,0.9,0.3,0.1,0.4,0.8,2.7,,tollian01
0,Patrick O'Bryant,22,2TM,C,39,3,6.5,1.2,2.2,0.536,0,0.1,0,1.2,2.1,0.549,0.536,0.3,0.5,0.55,0.3,1.4,1.7,0.3,0.2,0.5,0.6,1.6,2.6,,obryapa01
0,Lindsey Hunter,38,CHI,PG,28,0,9.5,1,2.9,0.329,0.6,1.7,0.333,0.4,1.2,0.324,0.427,0.1,0.2,0.6,0.1,0.4,0.4,1.3,0.7,0,0.7,1,2.6,,hunteli01
0,Marko Jarić,30,MEM,SG,53,0,11.4,0.9,2.7,0.331,0.2,0.5,0.393,0.7,2.2,0.316,0.369,0.5,0.8,0.707,0.4,0.8,1.2,1.4,0.5,0.2,0.9,1.2,2.6,,jaricma01
0,Cartier Martin,24,CHA,SF,33,1,8.1,0.8,2.3,0.364,0.3,1,0.303,0.5,1.3,0.409,0.429,0.6,0.8,0.8,0.2,0.8,1,0.4,0.2,0.1,0.3,1,2.6,,martica01
0,Fabricio Oberto,33,SAS,C,54,11,12.5,1.1,1.9,0.587,0,0,0,1.1,1.9,0.592,0.587,0.4,0.6,0.571,1.2,1.4,2.6,1.1,0.1,0.2,0.7,1.8,2.6,,obertfa01
0,Brian Cook,28,2TM,PF,30,0,5.7,0.9,2.5,0.368,0.4,1,0.433,0.5,1.5,0.326,0.454,0.2,0.2,0.833,0.2,0.8,1.1,0.2,0.1,0.1,0.4,0.9,2.5,,cookbr01
0,Marcus Banks,27,2TM,PG,22,0,9.4,1,2.6,0.368,0.1,0.9,0.158,0.8,1.7,0.474,0.395,0.5,0.8,0.611,0,0.8,0.8,1.3,0.5,0.1,0.6,1.2,2.5,,banksma01
0,Maceo Baston,33,IND,PF,27,0,8,0.9,1.7,0.543,0,0,0,0.9,1.7,0.556,0.543,0.6,1,0.63,0.8,1.1,1.9,0.3,0.2,0.4,0.4,1.4,2.5,,bastoma01
0,Greg Buckner,32,MEM,SF,63,0,13.9,1,2.5,0.384,0.2,0.8,0.255,0.8,1.7,0.444,0.425,0.3,0.4,0.8,0.5,1.6,2.1,0.9,0.5,0.1,0.6,1.7,2.5,,buckngr01
0,Speedy Claxton,30,ATL,PG,2,0,7.5,1,3.5,0.286,0,0,,1,3.5,0.286,0.286,0.5,1,0.5,0,0,0,1.5,0,0,0,0.5,2.5,,claxtsp01
0,Hamed Haddadi,23,MEM,C,19,0,6.3,0.8,1.6,0.484,0,0,,0.8,1.6,0.484,0.484,0.9,1.6,0.6,0.8,1.6,2.5,0.4,0.1,0.6,0.5,1.1,2.5,,haddaha01
0,Sean Singletary,23,2TM,PG,37,2,8.2,0.8,2.3,0.365,0.3,0.7,0.4,0.6,1.6,0.35,0.424,0.5,0.6,0.857,0.3,0.7,0.9,0.8,0.3,0,0.6,1.2,2.4,,singlse01
0,Dee Brown,24,2TM,PG,19,11,13.7,0.9,2.6,0.367,0.4,1.3,0.292,0.6,1.3,0.44,0.439,0.2,0.3,0.6,0.4,1.2,1.5,1.9,0.5,0,0.9,1.5,2.4,,brownde03
0,Brevin Knight,33,UTA,PG,74,0,12.7,0.9,2.6,0.349,0,0.1,0,0.9,2.5,0.361,0.349,0.6,0.9,0.75,0.2,1,1.2,2.6,0.9,0.1,0.9,1.3,2.4,,knighbr01
0,Josh McRoberts,21,IND,PF,33,0,8.5,1.1,2.5,0.422,0,0.3,0,1.1,2.2,0.479,0.422,0.3,0.4,0.769,0.8,1.5,2.2,0.5,0.4,0.5,0.4,1.2,2.4,,mcrobjo01
0,Sean Williams,22,NJN,PF,33,0,11.1,0.9,2.2,0.417,0,0,,0.9,2.2,0.417,0.417,0.6,1,0.625,1,1.4,2.4,0.4,0.2,0.9,0.6,2.2,2.4,,willise01
0,DeSagana Diop,27,2TM,C,75,1,13.8,1,2.3,0.433,0,0,,1,2.3,0.433,0.433,0.3,0.9,0.333,1.5,2.1,3.6,0.4,0.4,0.7,0.5,1.7,2.3,,diopde01
0,Alexis Ajinça,20,CHA,PF,31,4,5.9,0.8,2.2,0.362,0,0.1,0,0.8,2.2,0.373,0.362,0.6,0.9,0.714,0.3,0.7,1,0.1,0.2,0.2,0.4,1.1,2.3,,ajincal01
0,Kyrylo Fesenko,22,UTA,C,21,1,7.4,1,1.7,0.583,0,0,,1,1.7,0.583,0.583,0.3,1,0.333,0.7,1.1,1.8,0.2,0.3,0.7,0.4,1.7,2.3,,fesenky01
0,Eddie Gill,30,MIL,PG,6,0,7.2,1,1.5,0.667,0.3,0.5,0.667,0.7,1,0.667,0.778,0,0,,0,0.7,0.7,1.8,0.5,0.2,0.8,1.7,2.3,,gilled01
0,Joel Anthony,26,MIA,C,65,28,16.1,0.9,1.8,0.483,0,0,,0.9,1.8,0.483,0.483,0.5,0.7,0.652,1.4,1.7,3,0.4,0.3,1.4,0.6,2.1,2.2,,anthojo01
0,Ryan Bowen,33,NOH,SF,21,3,10.4,1,1.8,0.579,0,0,,1,1.8,0.579,0.579,0.1,0.2,0.6,0.5,0.7,1.1,0.4,0.7,0.2,0.2,1.8,2.2,,bowenry01
0,Kareem Rush,28,PHI,SG,25,1,8,0.8,2.3,0.345,0.4,1.3,0.303,0.4,1,0.4,0.431,0.2,0.2,1,0,0.6,0.6,0.6,0.2,0,0.4,0.4,2.2,,rushka01
0,Jacque Vaughn,33,SAS,PG,30,0,9.7,0.8,2.5,0.32,0,0,1,0.8,2.5,0.311,0.327,0.5,0.6,0.889,0.1,0.6,0.7,1.8,0.2,0,0.5,0.9,2.2,,vaughja01
0,Calvin Booth,32,2TM,C,8,0,7,0.6,1.3,0.5,0,0,,0.6,1.3,0.5,0.5,0.8,1,0.75,0.6,0.8,1.4,0,0.1,0.3,0.1,1.3,2,,boothca01
0,Jason Hart,30,2TM,PG,39,2,8.9,0.8,2.4,0.319,0,0.2,0,0.8,2.3,0.341,0.319,0.5,0.6,0.783,0.3,0.8,1.2,1.2,0.3,0.1,0.6,1,2,,hartja01
0,Steven Hill,23,OKC,PF,1,0,2,1,1,1,0,0,,1,1,1,1,0,0,,2,1,3,0,0,0,0,0,2,,hillst01
0,Dwayne Jones,25,CHA,PF,6,0,8.7,0.7,1.2,0.571,0,0,,0.7,1.2,0.571,0.571,0.7,1,0.667,1,1,2,0,0,0.2,0.7,1,2,,jonesdw02
0,Tarence Kinsey,24,CLE,SG,50,3,5.5,0.6,1.4,0.449,0.1,0.4,0.389,0.5,1,0.471,0.5,0.7,0.8,0.868,0.2,0.6,0.8,0.2,0.2,0,0.4,0.7,2,,kinseta01
0,Chris Mihm,29,LAL,C,18,0,5.8,0.8,2.2,0.375,0,0,,0.8,2.2,0.375,0.375,0.3,0.4,0.857,0.8,1.1,1.9,0.6,0.1,0.3,0.6,1.3,2,,mihmch01
0,Gabe Pruitt,22,BOS,SG,47,0,7.8,0.7,2.1,0.307,0.3,1,0.292,0.4,1.1,0.321,0.376,0.4,0.4,0.81,0.2,0.7,0.9,0.8,0.3,0.1,0.4,0.7,2,,pruitga01
0,Marcus Williams,22,SAS,PF,2,0,1.5,1,1,1,0,0,,1,1,1,1,0,0,,0,0,0,0,0,0,0,0.5,2,,willima04
0,Darnell Jackson,23,CLE,PF,51,2,8.4,0.7,1.7,0.43,0,0,0,0.7,1.6,0.44,0.43,0.5,0.7,0.686,0.6,1.1,1.7,0.2,0.2,0.1,0.3,1.5,1.9,,jacksda01
0,Theo Ratliff,35,PHI,C,46,0,12.6,0.7,1.4,0.531,0,0,,0.7,1.4,0.531,0.531,0.5,0.8,0.6,1,1.8,2.8,0.2,0.4,1,0.3,1.7,1.9,,ratlith01
0,Demetris Nichols,24,2TM,SF,4,0,3.5,0.8,2.3,0.333,0,0.5,0,0.8,1.8,0.429,0.333,0.3,0.5,0.5,0,0.5,0.5,0.3,0,0.3,0,0.3,1.8,,nichode01
0,Jason Collins,30,MIN,C,31,22,13.6,0.7,2.3,0.314,0,0,,0.7,2.3,0.314,0.314,0.4,0.9,0.464,0.9,1.4,2.3,0.4,0.3,0.4,0.4,2.4,1.8,,collija04
0,Damon Jones,32,MIL,PG,18,0,6,0.6,1.9,0.324,0.6,1.6,0.393,0,0.3,0,0.485,0,0,,0,0.3,0.3,0.4,0.2,0,0.3,0.2,1.8,,jonesda01
0,Dikembe Mutombo,42,HOU,C,9,2,10.7,0.6,1.4,0.385,0,0,,0.6,1.4,0.385,0.385,0.7,1,0.667,1.3,2.3,3.7,0,0,1.2,0.7,1.2,1.8,,mutomdi01
0,Shavlik Randolph,25,POR,PF,10,0,3.7,0.8,1.3,0.615,0.1,0.1,1,0.7,1.2,0.583,0.654,0.1,0.4,0.25,1,0.8,1.8,0,0,0.1,0.6,0.4,1.8,,randosh01
0,James White,26,HOU,SF,4,0,2.8,0.8,1.3,0.6,0.3,0.5,0.5,0.5,0.8,0.667,0.7,0,0,,0,0,0,0.3,0.3,0.3,0.8,0.5,1.8,,whiteja02
0,Adonal Foyle,33,2TM,C,10,0,6.2,0.7,1.1,0.636,0,0,,0.7,1.1,0.636,0.636,0.3,0.6,0.5,0.9,1.7,2.6,0.1,0,0.8,0.3,0.5,1.7,,foylead01
0,Maurice Ager,24,NJN,SG,20,0,4.9,0.8,2.2,0.349,0,0.3,0,0.8,1.9,0.405,0.349,0.2,0.4,0.5,0.2,0.4,0.5,0.2,0.1,0.1,0.2,0.9,1.7,,agerma01
0,Eddy Curry,26,NYK,C,3,0,4,0.7,0.7,1,0,0,,0.7,0.7,1,1,0.3,1,0.333,0,1.3,1.3,0,0,0,0.7,1.7,1.7,,curryed01
0,Cedric Simmons,23,2TM,PF,18,0,4.7,0.6,1.4,0.44,0,0,,0.6,1.4,0.44,0.44,0.4,0.9,0.438,0.3,0.6,0.9,0.1,0.1,0.2,0.1,0.4,1.6,,simmoce01
0,Sonny Weems,22,DEN,SG,12,0,4.6,0.7,2.1,0.32,0,0.3,0,0.7,1.8,0.364,0.32,0.3,0.7,0.375,0,0.3,0.3,0.3,0.1,0,0.5,0.7,1.6,,weemsso01
0,Jarron Collins,30,UTA,C,26,3,7.7,0.6,1.3,0.457,0,0,,0.6,1.3,0.457,0.457,0.3,0.4,0.727,0.8,0.7,1.4,0.3,0.1,0,0.3,1.3,1.5,,collija03
0,Thomas Gardner,23,ATL,SG,16,0,6.1,0.6,2.3,0.25,0.3,1.4,0.174,0.3,0.8,0.385,0.306,0.1,0.3,0.5,0,0.4,0.4,0.1,0.3,0.1,0.2,0.3,1.5,,gardnth01
0,Othello Hunter,22,ATL,PF,16,0,5.8,0.7,1.3,0.55,0,0,,0.7,1.3,0.55,0.55,0,0.3,0,0.6,0.9,1.5,0.1,0.1,0.3,0.1,0.7,1.4,,hunteot01
0,Lorenzen Wright,33,CLE,C,17,2,7.4,0.6,1.6,0.37,0,0,,0.6,1.6,0.37,0.37,0.2,0.5,0.375,0.4,1.1,1.5,0.2,0.2,0.3,0.5,1,1.4,,wrighlo02
0,Chuck Hayes,25,HOU,C,71,1,12.1,0.6,1.6,0.372,0,0.1,0,0.6,1.5,0.385,0.372,0.1,0.3,0.368,1,2.5,3.5,0.6,0.5,0.3,0.4,1.9,1.3,,hayesch01
0,Marcus Williams,23,GSW,PG,9,0,6,0.4,1.9,0.235,0.2,0.7,0.333,0.2,1.2,0.182,0.294,0.2,0.7,0.333,0,0.4,0.4,1.4,0.1,0.1,0.4,0.7,1.3,,willima03
0,Jawad Williams,25,CLE,SF,10,0,2,0.5,1.2,0.417,0.2,0.6,0.333,0.3,0.6,0.5,0.5,0,0,,0.1,0.1,0.2,0,0.1,0,0.1,0.2,1.2,,willija04
0,Andre Brown,27,CHA,PF,4,0,10.3,0.3,1.8,0.143,0,0,,0.3,1.8,0.143,0.143,0.5,0.5,1,1.8,1.3,3,0.3,0.3,0,1.3,2.3,1,,brownan01
0,Trey Johnson,24,CLE,SG,4,0,3.5,0,1.3,0,0,0,,0,1.3,0,0,1,1,1,0,0.3,0.3,0,0,0,0.3,1,1,,johnstr01
0,Walter Sharpe,22,DET,PF,8,0,2.5,0.5,1.4,0.364,0,0.3,0,0.5,1.1,0.444,0.364,0,0.3,0,0,0.4,0.4,0,0,0.3,0,0.4,1,,sharpwa01
0,Linton Johnson,28,2TM,PF,10,0,5.5,0.4,1.1,0.364,0.1,0.2,0.5,0.3,0.9,0.333,0.409,0,0,,0.3,0.5,0.8,0.2,0.1,0,0.2,0.7,0.9,,johnsli01
0,Hassan Adams,24,TOR,SG,12,0,4.3,0.3,1.1,0.308,0,0,,0.3,1.1,0.308,0.308,0.3,0.5,0.5,0.1,0.5,0.6,0.1,0.1,0.1,0.3,0.3,0.9,,adamsha01
0,Jake Voskuhl,31,TOR,C,38,1,6.3,0.3,1.2,0.267,0,0,,0.3,1.2,0.267,0.267,0.3,0.4,0.786,0.6,1,1.6,0.2,0.1,0.1,0.4,1.6,0.9,,voskuja01
0,Cheikh Samb,24,3TM,C,18,0,4.6,0.3,1.8,0.188,0,0.2,0,0.3,1.6,0.207,0.188,0.2,0.4,0.429,0.6,0.8,1.3,0.1,0.2,0.6,0.2,0.4,0.8,,sambch01
0,Randolph Morris,23,ATL,C,23,0,3.9,0.3,0.7,0.412,0,0,,0.3,0.7,0.412,0.412,0.2,0.2,1,0.2,0.7,0.9,0.1,0.1,0,0.3,1.1,0.8,,morrira01
0,Kenny Thomas,31,SAC,PF,8,0,7.8,0.4,1,0.375,0,0,,0.4,1,0.375,0.375,0,0,,0.5,1.4,1.9,0.1,0.8,0.1,0.1,1.1,0.8,,thomake01
0,Mario West,24,ATL,SG,53,3,5.1,0.3,0.6,0.412,0,0,1,0.2,0.6,0.394,0.426,0.3,0.6,0.467,0.5,0.6,1.1,0.4,0.3,0.1,0.2,0.7,0.8,,westma02
0,Joey Dorsey,25,HOU,PF,3,0,2,0.3,0.7,0.5,0,0,,0.3,0.7,0.5,0.5,0,0,,0,0.3,0.3,0.3,0,0,0,0,0.7,,dorsejo01
0,J.R. Giddens,23,BOS,SF,6,0,1.3,0.3,0.5,0.667,0,0,,0.3,0.5,0.667,0.667,0,0,,0.3,0.2,0.5,0,0.2,0,0.2,0.2,0.7,,giddejr01
0,Sun Yue,23,LAL,SG,10,0,2.8,0.3,1.1,0.273,0,0.6,0,0.3,0.5,0.6,0.273,0,0,,0,0,0,0.2,0.1,0.1,0.3,1,0.6,,yuesu01
0,Michael Ruffin,32,POR,PF,11,0,3.2,0.2,0.6,0.286,0,0,,0.2,0.6,0.286,0.286,0.2,0.2,1,0.5,0.5,1,0,0.3,0.1,0.2,0.6,0.5,,ruffimi01
0,Nathan Jawai,22,TOR,PF,6,0,3.2,0.2,0.7,0.25,0,0,,0.2,0.7,0.25,0.25,0,0,,0.2,0.2,0.3,0,0,0,0.3,0.5,0.3,,jawaina01
0,Mark Madsen,33,MIN,C,19,1,6.1,0.2,0.7,0.214,0,0,,0.2,0.7,0.214,0.214,0,0.2,0,0.5,0.4,0.9,0.2,0.1,0.1,0.2,0.9,0.3,,madsema01
0,Martell Webster,22,POR,SF,1,0,5,0,1,0,0,1,0,0,0,,0,0,0,,0,0,0,0,0,0,0,0,0,,webstma02